word,frequency,level
anderer,476,A1
gut,463,A1
groß,433,A1
alt,377,A1
erster,348,A1
ganz,343,A1
klein,342,A1
hoch,292,A1
schön,277,A1
letzter,265,A1
jung,220,A1
neu,219,A1
gross,184,A1
mongolisch,183,A1
zweiter,178,A1
pag,152,A1
eigen,138,A1
lang,136,A1
persisch,125,A1
folgend,113,A1
dritter,112,A1
lieb,111,A1
arm,110,A1
gleich,106,A1
einzig,95,A1
nächster,90,A1
_,88,A1
deutsch,84,A1
golden,82,A1
verschieden,80,A1
allgemein,79,A1
christlich,77,A1
schwarz,77,A1
dein,71,A1
grösst,70,A1
wach,69,A1
stark,68,A1
weit,67,A1
übrig,67,A1
|,66,A1
rechter,65,A1
tief,65,A1
gewöhnlich,61,A1
natürlich,61,A1
öffentlich,60,A1
berühmt,57,A1
menschlich,56,A1
schwer,56,A1
weiblich,56,A1
vierter,55,A1
gering,55,A1
reich,54,A1
kurz,52,A1
somnambul,52,A1
geistig,50,A1
heilig,50,A1
halb,50,A1
früh,49,A1
8.,49,A1
voll,48,A1
arabisch,48,A1
heutig,47,A1
social,46,A1
philosophisch,46,A1
gewiß,45,A1
rein,45,A1
häuslich,44,A1
fünfter,44,A1
frei,43,A1
politisch,42,A1
bestimmt,42,A1
weiß,42,A1
fremd,41,A1
chinesisch,41,A1
böse,41,A1
9.,40,A1
7.,40,A1
besonderer,40,A1
wahr,40,A1
oberer,39,A1
blau,39,A1
moralisch,38,A1
i.,38,A1
eigentlich,37,A1
fest,37,A1
falsch,37,A1
gelegen,36,A1
traurig,36,A1
mächtig,36,A1
normal,35,A1
10.,35,A1
gemein,34,A1
französisch,33,A1
gesund,33,A1
vorig,32,A1
schlecht,32,A1
eign,32,A1
Other,32,A1
lateinisch,31,A1
innerer,31,A1
syrisch,31,A1
richtig,31,A1
selber,30,A1
5.,30,A1
griechisch,30,A1
frisch,30,A1
einzeln,29,A1
fein,29,A1
sittlich,29,A1
19.,29,A1
3.,29,A1
türkisch,29,A1
edl,29,A1
18.,28,A1
ägyptisch,28,A1
wirklich,28,A1
vortrefflich,28,A1
ewig,28,A1
akademisch,28,A1
1.,28,A1
genannt,28,A1
24.,28,A1
abnorm,27,A1
künftig,27,A1
grösser,27,A1
seltsam,27,A1
eng,27,A1
unglücklich,27,A1
12.,27,A1
physiologisch,27,A1
männlich,27,A1
feindlich,27,A1
linker,27,A1
wissenschaftlich,26,A1
gegenwärtig,26,A1
herrlich,26,A1
4.,26,A1
gemeinsam,26,A1
übersinnlich,26,A1
20.,26,A1
26.,26,A1
glücklich,25,A1
psychisch,25,A1
eisern,24,A1
ein,24,A1
ehrlich,24,A1
16.,24,A1
trefflich,24,A1
grosse,24,A1
modern,24,A1
unsr,24,A1
Hamburger,24,A1
angenehm,23,A1
wichtig,23,A1
somnambule,23,A1
zwei,23,A1
organisch,23,A1
grün,23,A1
zahlreich,23,A1
mittlerer,23,A1
gegeben,23,A1
offen,23,A1
moslimisch,22,A2
sah,22,A2
siebent,22,A2
scharf,22,A2
bös,22,A2
11.,22,A2
17.,22,A2
gefährlich,22,A2
klug,22,A2
21.,22,A2
13.,22,A2
glänzend,22,A2
elend,22,A2
lustig,21,A2
fromm,21,A2
bisherig,21,A2
englisch,21,A2
spät,21,A2
27.,21,A2
grn,21,A2
rot,21,A2
ruhig,21,A2
gleichzeitig,21,A2
sinnlich,21,A2
bekannt,21,A2
braun,21,A2
leicht,21,A2
künstlich,21,A2
leer,20,A2
2.,20,A2
lebend,20,A2
wild,20,A2
sechster,20,A2
literarisch,20,A2
selbig,20,A2
28.,20,A2
selbstständig,20,A2
wunderschön,20,A2
treu,20,A2
europäisch,19,A2
persönlich,19,A2
göttlich,19,A2
gerecht,19,A2
30.,19,A2
lebendig,19,A2
köstlich,19,A2
whern,19,A2
gesteigert,19,A2
nieder,19,A2
pathologisch,19,A2
südlich,19,A2
dick,19,A2
müsste,18,A2
nördlich,18,A2
westlich,18,A2
geheim,18,A2
ausserordentlich,18,A2
ungeheuer,18,A2
Diener,18,A2
gelb,18,A2
lieblich,18,A2
doppelt,18,A2
jetzig,18,A2
freundlich,17,A2
schnell,17,A2
gelehrt,17,A2
vornehm,17,A2
bloß,17,A2
unterschiedlich,17,A2
byzantinisch,17,A2
wh,17,A2
31.,17,A2
hell,17,A2
körperlich,17,A2
unmittelbar,16,A2
kaiserlich,16,A2
streng,16,A2
sicher,16,A2
grob,16,A2
selten,16,A2
stehend,16,A2
14.,16,A2
achter,16,A2
römisch,16,A2
schwedisch,16,A2
andern,16,A2
gesammt,16,A2
stater,16,A2
websit,16,A2
Archive,16,A2
süß,15,A2
östlich,15,A2
gänzlich,15,A2
unsern,15,A2
sonderbar,15,A2
metaphysisch,15,A2
warm,15,A2
sogenannter,15,A2
hübsch,15,A2
roth,15,A2
materiell,15,A2
gemischt,15,A2
gebildet,15,A2
29.,15,A2
brav,15,A2
blutig,15,A2
fragt,15,A2
armenisch,15,A2
klar,15,A2
notes,15,A2
irdisch,15,A2
täglich,14,A2
mehr,14,A2
sonstig,14,A2
magnetisch,14,A2
vollständig,14,A2
mündlich,14,A2
gegenseitig,14,A2
preussisch,14,A2
medicinisch,14,A2
still,14,A2
religiös,14,A2
flüchtig,14,A2
vernünftig,14,A2
königlich,14,A2
unter,14,A2
Grosse,14,A2
hart,14,A2
siebenjährig,14,A2
bloss,14,A2
spontan,14,A2
gölden,14,A2
ähnlich,14,A2
dasjenig,13,A2
durchschnittlich,13,A2
25.,13,A2
gehörig,13,A2
gewaltig,13,A2
fürchterlich,13,A2
23.,13,A2
schädlich,13,A2
vormalig,13,A2
nah,13,A2
dramatisch,13,A2
besst,13,A2
edel,13,A2
einfach,13,A2
44.,13,A2
tapfer,13,A2
relativ,13,A2
geschichtlich,13,A2
22.,13,A2
günstig,13,A2
liebenswürdig,13,A2
getreu,13,A2
hungrig,13,A2
etlicher,13,A2
kalt,12,A2
erwähnt,12,A2
geschlossen,12,A2
fett,12,A2
36.,12,A2
ansehnlich,12,B1
gedruckt,12,B1
feierlich,12,B1
vollkommen,12,B1
and,12,B1
objektiv,12,B1
ernst,12,B1
weiss,12,B1
gesellig,12,B1
gewaltsam,12,B1
schwach,12,B1
sechst,12,B1
asiatisch,12,B1
unschuldig,12,B1
historisch,12,B1
juridisch,12,B1
katholisch,12,B1
direkt,11,B1
krankhaft,11,B1
kindlich,11,B1
kräftig,11,B1
echt,11,B1
real,11,B1
anerkannt,11,B1
vegetarianisch,11,B1
breit,11,B1
höherem,11,B1
silbern,11,B1
steil,11,B1
grös,11,B1
siegreich,11,B1
wiederholt,11,B1
heftig,11,B1
recht,11,B1
osmanisch,11,B1
mystisch,11,B1
thierisch,11,B1
väterlich,11,B1
billig,11,B1
gesandt,11,B1
alternirend,11,B1
einheitlich,11,B1
gefangen,11,B1
schlau,11,B1
ziemlich,11,B1
wunderbar,10,B1
genau,10,B1
dreizehnter,10,B1
bedeutend,10,B1
äuss,10,B1
geworden,10,B1
entgegengesetzt,10,B1
viert,10,B1
holländisch,10,B1
völlig,10,B1
betreffend,10,B1
deinen,10,B1
acht,10,B1
angeblich,10,B1
praktisch,10,B1
indisch,10,B1
unbewusst,10,B1
15.,10,B1
zwölft,10,B1
zarisch,10,B1
verloren,10,B1
33.,10,B1
untersinnlich,10,B1
chemisch,10,B1
erbärmlich,10,B1
II.,10,B1
schlafend,10,B1
zitternd,10,B1
roh,10,B1
naturgemäss,10,B1
unbekannt,10,B1
eu,10,B1
letzterer,10,B1
merkwürdig,10,B1
eith,10,B1
I.,10,B1
eigenthümlich,10,B1
rechtschaffen,10,B1
humanistisch,10,B1
seiden,10,B1
wachsend,10,B1
uralt,10,B1
bestehend,10,B1
vergangen,10,B1
höllisch,10,B1
werthvoll,9,B1
42.,9,B1
geistlich,9,B1
gleichnamig,9,B1
unumschränkt,9,B1
mathematisch,9,B1
morgenländisch,9,B1
gefallen,9,B1
kommend,9,B1
städtisch,9,B1
niguderisch,9,B1
unterer,9,B1
elektrisch,9,B1
39.,9,B1
andr,9,B1
dergleich,9,B1
transcendental,9,B1
eilft,9,B1
ev,9,B1
unterirdisch,9,B1
steigend,9,B1
ausreichend,9,B1
ererbt,9,B1
hervorragend,9,B1
vermehrt,9,B1
tatarisch,9,B1
überflüssig,9,B1
furchtbar,9,B1
unsterblich,9,B1
mechanisch,9,B1
nöthig,9,B1
verändert,9,B1
kritisch,9,B1
laut,9,B1
entsprechend,9,B1
etwaig,9,B1
indirekt,9,B1
schröcklich,9,B1
grausam,9,B1
ausgezeichnet,9,B1
o,9,B1
elegant,9,B1
niedrig,9,B1
subjektiv,9,B1
ehelich,9,B1
interessant,9,B1
purpos,9,B1
kostbar,9,B1
himmlisch,9,B1
toll,8,B1
derartig,8,B1
einfältig,8,B1
schändlich,8,B1
leiblich,8,B1
verständig,8,B1
erhöht,8,B1
erwachsen,8,B1
vierzehnt,8,B1
schlimm,8,B1
unentbehrlich,8,B1
unwillkürlich,8,B1
angeboren,8,B1
through,8,B1
genügend,8,B1
Archiv,8,B1
stat,8,B1
violat,8,B1
obsolet,8,B1
gestellt,8,B1
machine-readable,8,B1
Website,8,B1
Newsletter,8,B1
sanft,8,B1
nothwendig,8,B1
zart,8,B1
bewusst,8,B1
jugendlich,8,B1
Deiner,8,B1
ehemalig,8,B1
or,8,B1
alternat,8,B1
websiter,8,B1
Proprietary,8,B1
immediat,8,B1
display,8,B1
1.E.2.,8,B1
oth,8,B1
dauernd,8,B1
blank,8,B1
rasch,8,B1
ursprünglich,8,B1
adelig,8,B1
grau,8,B1
versammelt,8,B1
unabhängig,8,B1
tüchtig,8,B1
liegend,8,B1
includ,8,B1
erschröcklich,8,B1
glatt,8,B1
plötzlich,8,B1
brennend,8,B1
zunehmend,8,B1
ungewöhnlich,8,B1
abstrakt,8,B1
faul,8,B1
psychologisch,8,B1
sämmtlich,8,B1
altsprachlich,8,B1
Moharrem,7,B1
obgemeldt,7,B1
nächtlich,7,B1
hingerichtet,7,B1
ordentlich,7,B1
militärisch,7,B1
übl,7,B1
gegründet,7,B1
glühend,7,B1
getödtet,7,B1
national,7,B1
unvernünftig,7,B1
tot,7,B1
freundschaftlich,7,B1
fern,7,B1
dreizehnt,7,B1
damalig,7,B1
neunter,7,B1
beständig,7,B1
zehnter,7,B1
reifer,7,B1
redlich,7,B1
äußer,7,B1
symbolisch,7,B1
erhalten,7,B1
instinktiv,7,B1
intensiv,7,B1
lebhaft,7,B1
geliebt,7,B1
getrennt,7,B1
verstärkt,7,B1
obgenannt,7,B1
unversöhnlich,7,B1
zeitweilig,7,B1
dieselbig,7,B1
nervös,7,B1
in's,7,B1
nützlich,7,B1
positiv,7,B1
euer,7,B1
heiß,7,B1
verfügbar,7,B1
gesetzlich,7,B1
ungeheur,7,B1
befindlich,7,B1
fehlerhaft,7,B1
dicht,7,B1
poetisch,7,B1
Madame,7,B1
schmerzlich,7,B1
finster,7,B1
egoistisch,7,B1
reell,7,B1
kleinlich,7,B1
bürgerlich,7,B1
ungeheu,7,B1
obligatorisch,7,B1
jämmerlich,7,B1
35.,7,B1
phantastisch,7,B1
46.,7,B1
45.,7,B1
38.,7,B1
regierend,7,B1
ästhetisch,7,B1
imag,7,B1
unnütz,7,B1
verbunden,7,B1
möglich,7,B1
reichlich,7,B1
periodisch,6,B1
armselig,6,B1
neunt,6,B1
närrisch,6,B1
zusammenhängend,6,B1
vermittelt,6,B1
hohl,6,B1
gekauft,6,B1
selig,6,B1
eilf,6,B1
theoretisch,6,B1
weis,6,B1
unsittlich,6,B1
üblich,6,B1
beträchtlich,6,B1
passiv,6,B1
aufgehoben,6,B1
barbarisch,6,B1
auss,6,B1
geborn,6,B1
mittelländisch,6,B1
äusserst,6,B1
vereinzelt,6,B1
äusser,6,B1
verderblich,6,B1
fröhlich,6,B1
gehalten,6,B1
entstanden,6,B1
verrätherisch,6,B1
verstorben,6,B1
verwandt,6,B1
mächtigst,6,B1
Weisse,6,B1
statistisch,6,B1
verheert,6,B1
ausschliesslich,6,B1
zwanzigst,6,B1
drohend,6,B1
erstgeboren,6,B1
fruchtbar,6,B1
ärztlich,6,B1
Holländische,6,B1
erschienen,6,B1
vorliegend,6,B1
gottlos,6,B1
eur,6,B1
dumm,6,B1
fraglich,6,B1
krank,6,B1
gestohlen,6,B1
ideal,6,B1
tragend,6,B1
träumend,6,B1
hochgeehrt,6,B1
versprochen,6,B1
spekulativ,6,B1
allmählich,6,B1
geschlechtlich,6,B1
sterblich,6,B1
blühend,6,B1
hölzern,6,B1
Straßburger,6,B1
verdammt,6,B1
freiwillig,6,B1
Erster,6,B1
spitzig,6,B1
gemässigt,6,B1
animalisch,6,B1
vegetabilisch,6,B1
rationell,6,B1
50.,6,B1
vorübergehend,6,B1
stumm,6,B1
49.,6,B1
altpersisch,6,B1
rauh,6,B1
strahlend,6,B1
energisch,6,B1
häufig,6,B1
forsch,6,B1
werdend,6,B1
unerträglich,6,B1
augenblicklich,6,B2
herrschend,6,B2
ängstlich,6,B2
blond,6,B2
bescheiden,6,B2
leuchtend,6,B2
Tischler,6,B2
unsinnig,6,B2
anständig,6,B2
gröss,5,B2
erobert,5,B2
besetzt,5,B2
kaspisch,5,B2
Züricher,5,B2
individuell,5,B2
friedlich,5,B2
derselbe,5,B2
berechtigt,5,B2
wesentlich,5,B2
unzählbar,5,B2
ilchanisch,5,B2
verwundet,5,B2
inner,5,B2
pflanzlich,5,B2
vierzigst,5,B2
nestorianisch,5,B2
berühmtest,5,B2
vorläufig,5,B2
feste,5,B2
elft,5,B2
erforderlich,5,B2
vorsichtig,5,B2
geographisch,5,B2
stählern,5,B2
bleibend,5,B2
festlich,5,B2
geführt,5,B2
georgisch,5,B2
zwanzigjährig,5,B2
verächtlich,5,B2
vierzigjährig,5,B2
namhaft,5,B2
geliefert,5,B2
hießig,5,B2
schmutzig,5,B2
naturwissenschaftlich,5,B2
schuldig,5,B2
vocabulary,5,B2
blind,5,B2
read,5,B2
aktiv,5,B2
offn,5,B2
unnatürlich,5,B2
rar,5,B2
aktuell,5,B2
exakt,5,B2
ledig,5,B2
künstlerisch,5,B2
gewohnt,5,B2
westfälisch,5,B2
dumpf,5,B2
geschäftlich,5,B2
wunderlich,5,B2
weich,5,B2
verheirathet,5,B2
sinnlos,5,B2
anderweitig,5,B2
gewiss,5,B2
gehört,5,B2
unerhört,5,B2
thätig,5,B2
erhaben,5,B2
liebevoll,5,B2
unverdient,5,B2
würdig,5,B2
gnädig,5,B2
sorgfältig,5,B2
ritterlich,5,B2
viehisch,5,B2
theologisch,5,B2
geschickt,5,B2
zwecklos,5,B2
angestammt,5,B2
bedenklich,5,B2
entscheidend,5,B2
unsre,5,B2
übermässig,5,B2
jüdisch,5,B2
einsam,5,B2
ferner,5,B2
äußerer,5,B2
Zwee,5,B2
todt,5,B2
funkelnd,5,B2
unbillig,5,B2
34.,5,B2
symptomatisch,5,B2
unvermeidlich,5,B2
41.,5,B2
ausländisch,5,B2
43.,5,B2
heimlich,5,B2
edelst,5,B2
versteckt,5,B2
wohlthätig,5,B2
hervorgerufen,5,B2
empfindlich,5,B2
ungerecht,5,B2
geometrisch,5,B2
gerade,5,B2
scheinbaren,5,B2
funktionirend,5,B2
begehrt,5,B2
froh,5,B2
empfangen,5,B2
obig,5,B2
chuaresmisch,5,B2
ausständig,5,B2
neunzehnter,5,B2
verborgen,5,B2
ungünstig,5,B2
befehligt,5,B2
üppig,5,B2
aufsteigend,5,B2
entrissen,5,B2
näh,5,B2
langsam,5,B2
lokal,5,B2
gebenedeit,5,B2
gewonnen,5,B2
stolz,5,B2
unmündig,5,B2
unvollkommen,5,B2
absolut,5,B2
bunt,5,B2
welcher,5,B2
pädagogisch,5,B2
gesellschaftlich,5,B2
dschagataisch,5,B2
ausgesprochen,5,B2
heilsam,5,B2
umgekehrt,5,B2
gütig,5,B2
einheimisch,5,B2
6.,5,B2
geb.,4,B2
treulos,4,B2
zugefügt,4,B2
pekuniär,4,B2
anwesend,4,B2
aufrichtig,4,B2
best,4,B2
gebraten,4,B2
chronisch,4,B2
wundervoll,4,B2
gegenüberliegend,4,B2
geneigt,4,B2
Dero,4,B2
bräutlich,4,B2
goldn,4,B2
nackt,4,B2
fahrend,4,B2
naturwidrig,4,B2
gestrig,4,B2
fünfzehnt,4,B2
merklich,4,B2
verheerend,4,B2
überwunden,4,B2
langjährig,4,B2
examinirend,4,B2
seldschukisch,4,B2
bezüglich,4,B2
bitter,4,B2
fliegend,4,B2
geblieben,4,B2
cilicisch,4,B2
unglaublich,4,B2
legitim,4,B2
sachlich,4,B2
schlicht,4,B2
geschwind,4,B2
dreien,4,B2
beweglich,4,B2
Eroberer,4,B2
rothe,4,B2
verflucht,4,B2
thatsächlich,4,B2
physisch,4,B2
vergossen,4,B2
entfernt,4,B2
vorzeitig,4,B2
eigentlichst,4,B2
geweiht,4,B2
riesig,4,B2
dünn,4,B2
abenteuerlich,4,B2
meister,4,B2
sandt,4,B2
rauschend,4,B2
courtois,4,B2
zielbewusst,4,B2
gewaffnet,4,B2
erhoben,4,B2
denkend,4,B2
erlangt,4,B2
Janßensch,4,B2
abendlich,4,B2
socialethisch,4,B2
schlank,4,B2
narkotisch,4,B2
unparteiisch,4,B2
speculativ,4,B2
kühn,4,B2
Itzehoer,4,B2
rechtlich,4,B2
fortschreitend,4,B2
versetzt,4,B2
vorausgesetzt,4,B2
franzsch,4,B2
dänisch,4,B2
fünft,4,B2
privilegirt,4,B2
beliebt,4,B2
abscheulich,4,B2
liebend,4,B2
gekleidet,4,B2
jährlich,4,B2
schwierig,4,B2
aufmerksam,4,B2
Pariser,4,B2
vermeintlich,4,B2
dienend,4,B2
mütterlich,4,B2
steinern,4,B2
scheinbar,4,B2
dankbar,4,B2
eilt,4,B2
hanauisch,4,B2
lächerlich,4,B2
hypnotisch,4,B2
spessart,4,B2
abnehmend,4,B2
unerklärlich,4,B2
russisch,4,B2
sensitiv,4,B2
deutlich,4,B2
ausdrücklich,4,B2
Herrscher,4,B2
geschossen,4,B2
betrübt,4,B2
verwendet,4,B2
bedrohlich,4,B2
ist's,4,B2
angeführt,4,B2
chronologisch,4,B2
stattlich,4,B2
aufgeführt,4,B2
Holzvermesser,4,B2
erlassen,4,B2
Andernacher,4,B2
zweckmässig,4,B2
erweitert,4,B2
fliessend,4,B2
ernstlich,4,B2
Sohn,4,B2
leitend,4,B2
dunkel,4,B2
verkleidet,4,B2
ehrbar,4,B2
begründend,4,B2
gerichtet,4,B2
gründlich,4,B2
übertrieben,4,B2
dreissigst,4,B2
geschlachtet,4,B2
weltlich,4,B2
th,4,B2
vergoldet,4,B2
gesinnt,4,B2
rund,4,B2
besonnen,4,B2
lateinlos,4,B2
demokratisch,4,B2
wirksam,4,B2
privat,4,B2
gestiftet,4,B2
getheilt,4,B2
erfolgt,4,B2
nutzlos,4,B2
gräßlich,4,B2
sinkend,4,B2
weinend,4,B2
unsrig,4,B2
Somnambule,4,B2
],4,B2
vorhanden,4,B2
gedacht,4,B2
wunderbarlich,4,B2
besiegt,4,B2
geöffnet,4,B2
tschengisisch,4,B2
vegetativ,4,B2
gemacht,4,B2
grimmig,4,B2
klagend,4,B2
gemeinschaftlich,4,B2
minder,4,B2
garstig,4,B2
eueren,4,B2
greulich,4,B2
wöchentlich,4,B2
kahl,4,B2
stillschweigend,4,B2
passend,4,B2
reußisch,4,B2
fürstlich,4,B2
neunten,4,B2
anmutig,4,B2
juristisch,4,B2
zwölfjährig,4,B2
empfindend,4,B2
wechselnd,4,B2
schmal,4,B2
verfehlt,4,B2
gesetzt,4,B2
gekommen,4,B2
unbezwinglich,4,B2
gekränkt,4,B2
leis,4,B2
staatlich,4,B2
zween,4,B2
keck,4,B2
obengenannt,4,B2
ohn,4,B2
gewandt,4,B2
geringer,4,B2
einseitig,4,B2
mässig,4,B2
dargeboten,4,B2
feurig,4,B2
erfahren,4,B2
treffend,3,B2
hochgradig,3,B2
realistisch,3,B2
bezahlt,3,B2
löblich,3,B2
allergrößter,3,B2
hochherzig,3,B2
bewohnt,3,B2
studirend,3,B2
spielend,3,B2
obliegend,3,B2
unrein,3,B2
geringst,3,B2
officiell,3,B2
hauptsächlich,3,B2
genial,3,B2
massgebend,3,B2
rauchend,3,B2
reinlich,3,B2
gescheut,3,B2
obern,3,B2
schlimmer,3,B2
erwartet,3,B2
umständlich,3,B2
erst,3,B2
reif,3,B2
niedlich,3,B2
rollend,3,B2
verbittert,3,B2
wacht,3,B2
unbedeutend,3,B2
32.,3,B2
aufgeworfen,3,B2
gefühlsmässig,3,B2
fließend,3,B2
kühl,3,B2
traut,3,B2
abweichend,3,B2
müs,3,B2
gezeichnet,3,B2
dampfend,3,B2
ältest,3,B2
geeignet,3,B2
trocken,3,B2
öfter,3,B2
mittelalterlich,3,B2
verschlossen,3,B2
treuherzig,3,B2
schläfrig,3,B2
verliebt,3,B2
glitzernd,3,B2
who,3,B2
Gregor,3,B2
neuest,3,B2
dynamisch,3,B2
Latter,3,B2
gezogen,3,B2
gezahlt,3,B2
radikal,3,B2
pages,3,B2
verlassen,3,B2
Some,3,B2
Elementary,3,B2
progressiv,3,B2
häßlich,3,B2
kataleptisch,3,B2
fragen,3,B2
37.,3,B2
glaubwürdig,3,B2
grammatisch,3,B2
47.,3,B2
verkauft,3,B2
abgestorben,3,B2
unwahr,3,B2
fanatisch,3,B2
angehend,3,B2
abgeschlossen,3,B2
feucht,3,B2
achtzehnt,3,B2
gleichmäßig,3,B2
laufend,3,B2
vielfarbig,3,B2
unverrichtet,3,B2
achtjährig,3,B2
auserwählt,3,B2
tyrannisch,3,B2
ausgestopft,3,B2
vorhergehend,3,B2
dargebracht,3,B2
erbaut,3,B2
geraubt,3,B2
Schmidt's,3,B2
gestützt,3,B2
l.,3,B2
v.,3,B2
dichtet,3,B2
drückend,3,B2
genommen,3,B2
herbstlich,3,B2
vorkommend,3,B2
citirt,3,B2
überliefert,3,B2
erlangend,3,B2
geknüpft,3,B2
abgehauen,3,B2
nüchtern,3,B2
gefüllt,3,B2
dreifach,3,B2
rasend,3,B2
überspannt,3,B2
zahllos,3,B2
ausgedehnt,3,B2
spiritistisch,3,B2
abgebrochen,3,B2
unzünftig,3,B2
unterschrieben,3,B2
liberal,3,B2
neunjährig,3,B2
erfochten,3,B2
gewidmet,3,B2
rechtmässig,3,B2
goldbeschlagen,3,B2
geleistet,3,B2
gelegt,3,B2
unwürdig,3,B2
wiederholtenmal,3,B2
starkmüthig,3,B2
spräch,3,B2
mohammedanisch,3,B2
übertragen,3,B2
Schwager,3,B2
human,3,B2
mehrjährig,3,B2
verliehen,3,B2
grollend,3,B2
gangbar,3,B2
getragen,3,B2
verliess,3,B2
fündig,3,B2
umgebend,3,B2
grösseren,3,B2
Hemker,3,B2
erfreulich,3,B2
prophetisch,3,B2
regelmässig,3,B2
flach,3,B2
vergänglich,3,B2
finanziell,3,B2
schrecklich,3,B2
Berk,3,B2
verlangt,3,B2
tragisch,3,B2
ungesund,3,B2
turkmanisch,3,B2
vorgebracht,3,B2
naß,3,B2
entschieden,3,B2
zusammengesetzt,3,B2
eifrig,3,B2
unterwürfig,3,B2
kennen,3,B2
flammend,3,B2
gefordert,3,B2
schriftlich,3,B2
gewährt,3,B2
beigegeben,3,B2
tapferst,3,B2
vollendet,3,B2
empört,3,B2
heit,3,B2
gehoben,3,B2
systematisch,3,B2
erheblich,3,B2
vermögenslos,3,B2
gefühlt,3,B2
angestrengt,3,B2
volkswirthschaftlich,3,B2
keusch,3,B2
höhern,3,B2
rücksichtslos,3,B2
innigst,3,B2
hygienisch,3,B2
wirthschaftlich,3,B2
schätzbar,3,B2
gewölbt,3,B2
beschrieben,3,B2
produktiv,3,B2
gebrochen,3,B2
staatsbürgerlich,3,B2
unglaublichst,3,B2
vortheilhaft,3,B2
verschwiegen,3,B2
dortig,3,B2
frühzeitig,3,B2
sentimental,3,B2
eingetreten,3,B2
durchdringend,3,B2
hygieinisch,3,B2
erwiedert,3,B2
wahres,3,B2
bildend,3,B2
zerstreuend,3,B2
lächlend,3,B2
höhnisch,3,B2
spöttisch,3,B2
verehrt,3,B2
tugendhaft,3,B2
halbseitig,3,B2
anspruchslos,3,B2
geistlos,3,B2
studentisch,3,B2
wohlwollend,3,B2
luxuriös,3,B2
jungfräulich,3,B2
baldig,3,B2
wehmüthig,3,B2
unterworfen,3,B2
geschwächt,3,B2
logisch,3,B2
verschroben,3,B2
flüstert,3,B2
unregelmäßig,3,B2
vierzehnter,3,B2
einförmig,3,B2
buschig,3,B2
spitz,3,B2
gelegentlich,3,B2
melancholisch,3,B2
befriedigend,3,B2
dreijährig,3,B2
grösserer,3,B2
burter,3,B2
gesundheitsschädlich,3,B2
menschenähnlich,3,B2
nahrhaft,3,B2
verbündeter,3,B2
geboten,3,B2
naturgemäß,3,B2
anschaulich,3,B2
gemüthlich,3,B2
mild,3,B2
paradiesisch,3,B2
wahnsinnig,3,B2
lutherisch,3,B2
schlummernd,3,B2
zeitlich,3,B2
baar,3,B2
prächtig,3,B2
steif,3,B2
momentan,3,B2
teleologisch,3,B2
geheimnißvoll,3,B2
weißlich,3,B2
kriegerisch,3,B2
technisch,3,B2
quälend,3,B2
chirurgisch,3,B2
experimentell,3,B2
diplomatisch,3,B2
sündig,3,B2
schwankend,3,B2
Euere,3,B2
ungeheuerst,3,B2
gähling,3,B2
irrsinnig,3,B2
allmächtig,3,B2
abgetrennt,3,B2
mäßig,3,B2
verwöhnt,3,B2
Gesammelt,3,B2
stetig,3,B2
unbegründet,3,B2
obgedacht,3,B2
normal-sinnlich,3,B2
erworben,3,B2
Lieb,3,B2
Zweite,3,B2
meinig,3,B2
denselbig,3,B2
geruhig,3,B2
anziehend,3,B2
grenzenlos,3,B2
ungeschickt,3,B2
blöd,3,B2
heroisch,3,B2
vorgehalten,3,B2
dauerhaft,3,B2
ausgebreitet,3,B2
geduldig,3,B2
vielfältig,3,B2
herzhaft,3,B2
gemeldt,3,B2
unbewusster,3,B2
sei,3,B2
hysterisch,3,B2
antwortet,3,B2
widerwärtig,3,B2
leidend,3,B2
klügst,3,B2
hessisch,3,B2
herb,3,B2
listig,3,B2
hundertjährig,3,B2
örtlich,3,B2
anatomisch,3,B2
posthypnotisch,3,B2
motorisch,3,B2
langweilig,3,B2
psychophysisch,3,B2
unerwartet,3,B2
geschnitzt,3,B2
bar,3,B2
während,3,B2
morgend,3,B2
leibfrei,3,B2
wacker,3,B2
verboten,3,B2
allerbest,3,B2
eingenommen,3,B2
neidisch,3,B2
vornehmst,3,B2
allergnädigst,3,B2
undankbar,3,B2
halsstarrig,3,B2
wahrhaft,3,B2
vergöldt,3,B2
erwünscht,3,B2
gesegnet,3,B2
untern,3,B2
gehabt,3,B2
anderr,3,B2
tastend,3,B2
langwierig,3,B2
tausendfältig,3,C1
spanisch,3,C1
reflektorisch,3,C1
herrlichst,3,C1
aufgesetzt,3,C1
optisch,3,C1
sandte,2,C1
kupfern,2,C1
anmuthig,2,C1
grossstädtisch,2,C1
außerordentlich,2,C1
störend,2,C1
wohlklingend,2,C1
ausnahmsweis,2,C1
unchristlich,2,C1
andre,2,C1
erlaucht,2,C1
eingerichtet,2,C1
97.,2,C1
bessern,2,C1
allerliebster,2,C1
wiegend,2,C1
pferdehaaren,2,C1
glänzendst,2,C1
bevorstehend,2,C1
unbescholten,2,C1
zugerichtet,2,C1
verkehrt,2,C1
Berliner,2,C1
ethisch,2,C1
donnernd,2,C1
516.,2,C1
unzertrennlich,2,C1
prachtvoll,2,C1
leichtfertig,2,C1
Liebster,2,C1
bebend,2,C1
fakultativ,2,C1
Holländischen,2,C1
niedergelegt,2,C1
geworfen,2,C1
heranwachsend,2,C1
überwiegend,2,C1
korrumpirt,2,C1
zwanzigster,2,C1
gewöhnlichst,2,C1
zappelnd,2,C1
verlor,2,C1
huldigend,2,C1
fränkisch,2,C1
ausgleichend,2,C1
dreissigjährig,2,C1
lebenslänglich,2,C1
illusorisch,2,C1
Grosskaan,2,C1
goethisch,2,C1
schleunig,2,C1
zehnjährig,2,C1
famos,2,C1
organisch-psychisch,2,C1
größern,2,C1
engherzig,2,C1
schwärmerisch,2,C1
gebildeter,2,C1
beendet,2,C1
verletzt,2,C1
zornig,2,C1
aufopfernd,2,C1
leinen,2,C1
geschätzt,2,C1
wohlbekannt,2,C1
angespannt,2,C1
unbefriedigt,2,C1
gerückt,2,C1
unmenschlich,2,C1
bewässert,2,C1
Fürst,2,C1
sorgenfrei,2,C1
angewiesen,2,C1
menschenfreundlich,2,C1
begünstigt,2,C1
meteorologisch,2,C1
atavistisch,2,C1
biologisch,2,C1
Holländisch,2,C1
besessen,2,C1
k.,2,C1
vorgerückt,2,C1
verwichen,2,C1
kur-sächsisch,2,C1
erwartend,2,C1
vollzogen,2,C1
vermählt,2,C1
namenlos,2,C1
bestellt,2,C1
begleitend,2,C1
verspätet,2,C1
sechzehnt,2,C1
niederträchtig,2,C1
angeheirathet,2,C1
jetziger,2,C1
absichtlich,2,C1
vermindert,2,C1
staatsklug,2,C1
gesondert,2,C1
eingefallen,2,C1
innerlich,2,C1
verfertigt,2,C1
nachfolgend,2,C1
unbegreiflich,2,C1
~Convoi~,2,C1
wochentlich,2,C1
holsteinsch,2,C1
veraltet,2,C1
himmeldurchdringend,2,C1
beschenkt,2,C1
sehnend,2,C1
geschehen,2,C1
berichten,2,C1
beschwerlich,2,C1
verstümmelt,2,C1
riss,2,C1
angelegt,2,C1
dunkl,2,C1
unnötig,2,C1
peinlich,2,C1
schiitisch,2,C1
unzulänglich,2,C1
vorgeschrieben,2,C1
zweigesichtig,2,C1
entseelt,2,C1
rothbackig,2,C1
zwanzigsen,2,C1
zufrieden,2,C1
der,2,C1
heiss,2,C1
entartet,2,C1
birken,2,C1
siebzehnjährig,2,C1
fremdsprachlich,2,C1
gräulich,2,C1
altertümlich,2,C1
Vasall,2,C1
munter,2,C1
verloffen,2,C1
fortwirkend,2,C1
40.,2,C1
vertheilt,2,C1
hinlänglich,2,C1
rettend,2,C1
auf's,2,C1
confiscirt,2,C1
dürrer,2,C1
duldend,2,C1
beredt,2,C1
elementary,2,C1
verursacht,2,C1
füllend,2,C1
bessernd,2,C1
ehrenvoll,2,C1
aufgeschossen,2,C1
eingebildet,2,C1
tales,2,C1
vorletzt,2,C1
tretend,2,C1
selbstgepflückt,2,C1
karriert,2,C1
Historiettes,2,C1
überraschend,2,C1
großartig,2,C1
ungewöhnliche,2,C1
schmuck,2,C1
tropisch,2,C1
unerfahren,2,C1
müd,2,C1
vereint,2,C1
allerliebst,2,C1
allliebend,2,C1
geräumig,2,C1
orthodox,2,C1
sechzehnjährig,2,C1
unmotivirt,2,C1
tiefgreifend,2,C1
gewalttätig,2,C1
verflossen,2,C1
besser,2,C1
ascetisch,2,C1
unbefangen,2,C1
angegeben,2,C1
practisch,2,C1
gesenkt,2,C1
auserwählter,2,C1
unausgesprochen,2,C1
leidig,2,C1
vorvorletzt,2,C1
areg,2,C1
sittigend,2,C1
entgegenkommend,2,C1
müde,2,C1
226.,2,C1
unser,2,C1
aufgespeichert,2,C1
stet,2,C1
fortwährend,2,C1
unterhaltend,2,C1
gelblich,2,C1
Körnchen,2,C1
kunstgewerblich,2,C1
singend,2,C1
schneidend,2,C1
erzielend,2,C1
geübt,2,C1
gefälligst,2,C1
prophylaktisch,2,C1
auffallend,2,C1
gemeinnützig,2,C1
nihad,2,C1
eremitisch,2,C1
populär,2,C1
arbeitend,2,C1
geraume,2,C1
geraum,2,C1
ehrenwerth,2,C1
lehrreich,2,C1
geil,2,C1
frühern,2,C1
unmoralisch,2,C1
lichtlos,2,C1
ehrwürdig,2,C1
selbstverständlich,2,C1
genugsam,2,C1
aufgehend,2,C1
ul,2,C1
gesammelt,2,C1
irgendwelcher,2,C1
dschaghataisch,2,C1
hellichten,2,C1
ständig,2,C1
gestiegen,2,C1
mangelnd,2,C1
gleichaltrig,2,C1
ungleich,2,C1
nachträglich,2,C1
naheliegend,2,C1
wohlhabend,2,C1
Kijat,2,C1
strengste,2,C1
ekelhaft,2,C1
empfindsam,2,C1
holdselig,2,C1
principiell,2,C1
weitläuftig,2,C1
regulirend,2,C1
degenerirt,2,C1
verschämt,2,C1
einschneidend,2,C1
unzufrieden,2,C1
allerhöchst,2,C1
mitleidig,2,C1
erstere,2,C1
bewus,2,C1
schlaflos,2,C1
überlebend,2,C1
verdächtig,2,C1
Chineser,2,C1
angethan,2,C1
gespenstisch,2,C1
besagt,2,C1
bitterst,2,C1
Eur,2,C1
befreundet,2,C1
tausenderlei,2,C1
gestrickt,2,C1
behandelt,2,C1
afrikanisch,2,C1
belebend,2,C1
übersinnlicher,2,C1
letztwillig,2,C1
unmännlich,2,C1
leisest,2,C1
unmöglich,2,C1
notwendig,2,C1
tonangebend,2,C1
eventuell,2,C1
sammet,2,C1
auszeichnend,2,C1
unverständig,2,C1
flüssig,2,C1
viereckig,2,C1
lebensgefährlich,2,C1
weise,2,C1
gesetzgeberisch,2,C1
erfrischend,2,C1
erdrückend,2,C1
Tschengischan'sch,2,C1
innig,2,C1
geputzt,2,C1
central,2,C1
irgendein,2,C1
löwenartig,2,C1
schwanger,2,C1
sauber,2,C1
wünschenswerthe,2,C1
weissen,2,C1
vorgenommen,2,C1
zwingend,2,C1
überbürdet,2,C1
beruhend,2,C1
feiner,2,C1
rückschreitend,2,C1
wählerisch,2,C1
emporgeschossen,2,C1
glänzendste,2,C1
gesetzgebend,2,C1
frühe,2,C1
lumpig,2,C1
offensichtlich,2,C1
besseres,2,C1
wuchernd,2,C1
chaotisch,2,C1
unorganisch,2,C1
tschengischanisch,2,C1
lebensfähig,2,C1
bes,2,C1
gespannt,2,C1
sechsgetheilt,2,C1
weisse,2,C1
sau,2,C1
erlitten,2,C1
merkwürdigst,2,C1
vierzehn,2,C1
kaukasisch,2,C1
einziger,2,C1
reichhaltig,2,C1
fünfzehnjährig,2,C1
willenlos,2,C1
kindisch,2,C1
laxer,2,C1
ausgestochen,2,C1
unerschrocken,2,C1
beherrscht,2,C1
Grosser,2,C1
erzwungen,2,C1
erträumt,2,C1
neungipflig,2,C1
ausgestreckt,2,C1
fühlend,2,C1
gewaltigst,2,C1
verbraucht,2,C1
geronnen,2,C1
schweinisch,2,C1
zügellos,2,C1
formal,2,C1
dringender,2,C1
widersprechend,2,C1
schwellend,2,C1
zerlumpt,2,C1
schreiend,2,C1
Nämliche,2,C1
blödsinnig,2,C1
aufgeschichtet,2,C1
erschöpft,2,C1
hüt,2,C1
begrifflich,2,C1
kümmerlich,2,C1
Liebst,2,C1
geregelt,2,C1
hinreichend,2,C1
Philosophische,2,C1
erträglich,2,C1
langbeinig,2,C1
erläuternd,2,C1
sachkundig,2,C1
klimatisch,2,C1
drei,2,C1
Siebente,2,C1
zweideutig,2,C1
hold,2,C1
weises,2,C1
unehelich,2,C1
eitel,2,C1
orientalisch,2,C1
hingebend,2,C1
vergessend,2,C1
infam,2,C1
platonisch,2,C1
gret,2,C1
fünfjährig,2,C1
geliebten,2,C1
auferlegt,2,C1
unverheirathet,2,C1
pretiös,2,C1
verstohlen,2,C1
evangelisch,2,C1
erreicht,2,C1
wohlriechend,2,C1
Weise,2,C1
Wesire,2,C1
unablässig,2,C1
scharfsinnig,2,C1
reizlos,2,C1
begonnen,2,C1
gesundheitlich,2,C1
abgenommen,2,C1
angränzend,2,C1
alleinig,2,C1
vergrössert,2,C1
unerschütterlich,2,C1
beliebig,2,C1
krystallen,2,C1
nationalökonomisch,2,C1
sitzend,2,C1
gefühlvoll,2,C1
welteröffnend,2,C1
fünfgetheilt,2,C1
vergnügt,2,C1
anstürmend,2,C1
weichherzig,2,C1
Lobredner,2,C1
uneigentlich,2,C1
beschränkter,2,C1
socialdemokratisch,2,C1
vorzüglich,2,C1
luxuriöser,2,C1
anspruchsvoll,2,C1
eingeführt,2,C1
mühsam,2,C1
eingesetzt,2,C1
gebrechlich,2,C1
bedeckt,2,C1
kulturgeschichtlich,2,C1
dialektisch,2,C1
unverhältnissmässig,2,C1
unruhig,2,C1
Schopenhauersch,2,C1
unwahrscheinlich,2,C1
bezeichnend,2,C1
weltberühmt,2,C1
gesunken,2,C1
hochtrabend,2,C1
senden,2,C1
vorzüglichst,2,C1
beleidigt,2,C1
norddeutsch,2,C1
hört,2,C1
reformirt,2,C1
gewissem,2,C1
silbernen,2,C1
siegend,2,C1
eingezogen,2,C1
geschieden,2,C1
muthig,2,C1
potentiell,2,C1
unbeschrieben,2,C1
krumm,2,C1
elterlich,2,C1
unendlich,2,C1
stotternd,2,C1
göldn,2,C1
äusserlich,2,C1
widernatürlich,2,C1
hypothesisch,2,C1
weißem,2,C1
salisch,2,C1
taffet,2,C1
leidenschaftlich,2,C1
quantitativ,2,C1
hinterlassen,2,C1
röthlich,2,C1
vaterländisch,2,C1
burschikos,2,C1
polar,2,C1
abgerissen,2,C1
unbarmherzig,2,C1
Anderer,2,C1
unerbittlich,2,C1
dringendst,2,C1
demjenig,2,C1
getrocknet,2,C1
lau,2,C1
überlegen,2,C1
veranlagt,2,C1
kulturell,2,C1
überlegt,2,C1
höchst,2,C1
verhalten,2,C1
erzielt,2,C1
Buch,2,C1
epidemisch,2,C1
grossen,2,C1
aufgeschlagen,2,C1
zukünftig,2,C1
stattgehabt,2,C1
gestanden,2,C1
funktionell,2,C1
offenbar,2,C1
percipirt,2,C1
betrachtet,2,C1
allerkleinste,2,C1
leise,2,C1
begegnend,2,C1
begangen,2,C1
berauschend,2,C1
gleichgültig,2,C1
stattfindend,2,C1
erklärt,2,C1
erwachend,2,C1
latent,2,C1
fallend,2,C1
verdrüßlich,2,C1
scenisch,2,C1
achtstündig,2,C1
behördlich,2,C1
lose,2,C1
hergebracht,2,C1
mein,2,C1
unzerstört,2,C1
richterlich,2,C1
angehäuft,2,C1
Gnädiger,2,C1
gewaschen,2,C1
saracenisch,2,C1
minderjährig,2,C1
verdient,2,C1
blutarm,2,C1
beschränkt,2,C1
abgedankt,2,C1
zauberisch,2,C1
bedauerlich,2,C1
schlechter,2,C1
frevelhaft,2,C1
angerichtet,2,C1
hüten,2,C1
Buka's,2,C1
unfrei,2,C1
Heere,2,C1
rechtfertigend,2,C1
überstanden,2,C1
bedeutungsvoll,2,C1
darbietend,2,C1
undeutlich,2,C1
luftig,2,C1
innerst,2,C1
kursorisch,2,C1
vierfach,2,C1
nachmalig,2,C1
mutwillig,2,C1
fürwitzig,2,C1
unbegabt,2,C1
fleischlich,2,C1
erleichtert,2,C1
wachsam,2,C1
unpädagogisch,2,C1
kontrolirt,2,C1
babylonisch,2,C1
unerlaubt,2,C1
übereinstimmend,2,C1
erleichternd,2,C1
gestellter,2,C1
zwangsweise,2,C1
jeweilig,2,C1
stärk,2,C1
anvertraut,2,C1
freudig,2,C1
umh,2,C1
~Adieu~,2,C1
fix,2,C1
eurig,2,C1
kaufen,2,C1
giftig,2,C1
verirrt,2,C1
mörderisch,2,C1
normalmässig,2,C1
zerstört,2,C1
Liebe,2,C1
lahme,2,C1
lahm,2,C1
unaufhörlich,2,C1
komisch,2,C1
kolossal,2,C1
entführt,2,C1
rotgestrichen,2,C1
schönerer,2,C1
ihrig,2,C1
discursiv,2,C1
dreitägig,2,C1
unbewacht,2,C1
erging,2,C1
unverschuldet,2,C1
lauter,2,C1
dienstbar,2,C1
besonder,2,C1
verknöchert,2,C1
welterobernd,2,C1
ungewiss,2,C1
gemeinverständlich,2,C1
unphilosophisch,2,C1
abgenützt,2,C1
verfolgt,2,C1
ejubidisch,2,C1
abgeschnitten,2,C1
geschleudert,2,C1
untergeben,2,C1
göld,2,C1
bleich,2,C1
complet,2,C1
whos,2,C1
unverdaut,2,C1
verbindend,2,C1
verschworen,2,C1
verderbt,2,C1
herrschsüchtig,2,C1
schreien,2,C1
zwölfter,2,C1
gelassen,2,C1
gefrorn,2,C1
bind,2,C1
albern,2,C1
vertraut,2,C1
verknüpfend,2,C1
hochgebildet,2,C1
berührt,2,C1
ernannt,2,C1
zwee,2,C1
übel,2,C1
taurisch,2,C1
angestellt,2,C1
hiesig,2,C1
mesmerisch,2,C1
kappadocisch,2,C1
fortdauernd,2,C1
belieben,2,C1
ausharrend,2,C1
nahverwandt,2,C1
erbärmlichst,2,C1
übernatürlich,2,C1
hochgebor,2,C1
derjenige,2,C1
magisch,2,C1
willig,2,C1
trüb,2,C1
unaussprechlich,2,C1
hint,2,C1
resolut,2,C1
nordöstlich,2,C1
unnöthig,2,C1
einiger,2,C1
erstaunt,2,C1
verzweifelt,2,C1
decentralisirend,2,C1
automatenartig,2,C1
reformiert,2,C1
liebreich,2,C1
redet,2,C1
unvollständig,2,C1
eintretend,2,C1
unüberwindlich,2,C1
anhaltend,2,C1
irr,2,C1
kurzweilig,2,C1
artlich,2,C1
purpurn,2,C1
niedern,2,C1
specifisch,2,C1
vertieft,2,C1
verordnet,2,C1
stinkend,2,C1
versalzen,2,C1
unfruchtbar,2,C1
geboren,2,C1
störrig,2,C1
reproducirt,2,C1
geschrieben,2,C1
sch,2,C1
deiner,2,C1
fertig,2,C1
Becher,2,C1
vorwiegend,2,C1
beendigt,2,C1
schweizerisch,2,C1
liebst,2,C1
habend,2,C1
theilweis,2,C1
gefunden,2,C1
kriegend,2,C1
nordisch,2,C1
Neusprachliche,2,C1
vergessen,2,C1
mittägig,2,C1
verrufen,2,C1
altfränkisch,2,C1
verfallen,2,C1
Mansfelder,2,C1
geliebte,2,C1
identisch,2,C1
Weimarischen,2,C1
wund,2,C1
zierlich,2,C1
gesalzen,2,C1
bedrohend,2,C1
ärg,2,C1
verkappt,2,C1
kraus,2,C1
kinderlos,2,C1
fingirt,2,C1
blechern,2,C1
gueti,2,C1
sinnlich-anschaulich,2,C1
wüst,2,C1
geschlagen,2,C1
beschmiert,2,C1
offentlich,2,C1
farbig,2,C1
erkältend,2,C1
unbeständig,2,C1
getroffen,2,C1
vierschrötig,2,C1
abgelegen,2,C1
aufgetragen,2,C1
reiner,2,C1
empirisch,2,C1
kulturtragend,2,C1
reissend,2,C1
reifen,2,C1
gebrat,2,C1
vorherig,2,C1
ärm,2,C1
~Styx~,2,C1
pal,2,C1
mindester,2,C1
gescheitert,2,C1
leibhaftig,2,C1
hellst,2,C1
stürzen,2,C1
ungedruckt,2,C1
führend,2,C1
eben,2,C1
urplötzlich,2,C1
ungesponnen,2,C1
unrechtmässig,2,C1
dringend,2,C1
lurisch,2,C1
dürr,2,C1
erzählt,2,C1
einzelner,2,C1
gedeckt,2,C1
dacht,2,C1
interessanter,2,C1
unreif,2,C1
überirdisch,2,C1
überschüssig,2,C1
angesehen,2,C1
goldlockig,2,C1
geschah,2,C1
vollst,2,C1
gelehrtest,2,C1
unverständlich,2,C1
gesponn,2,C1
bewaldet,2,C1
vorgeschlagen,2,C1
vorgefallen,2,C1
allgemeiner,2,C1
erbeutet,2,C1
mongolischen,2,C1
neunzigjährig,2,C1
nied,2,C1
fleissig,2,C1
geleitet,2,C1
behütet,2,C1
kürzeste,2,C1
philologisch,2,C1
besoldet,2,C1
erschrocken,2,C1
tröstlich,2,C1
teuflisch,2,C1
hilfreich,2,C1
überreich,2,C1
gebührend,2,C1
blass,2,C1
thöricht,2,C1
verbrannt,2,C1
brausend,2,C1
becam,2,C1
sinnreich,2,C1
une,1,C1
vgl.,1,C1
Thron,1,C1
übersichtlich,1,C1
sichernd,1,C1
gebracht,1,C1
états,1,C1
porcellanen,1,C1
geliebtest,1,C1
drang,1,C1
Schreiber,1,C1
Freunde[596,1,C1
geweckt,1,C1
bedingt,1,C1
heimtückisch,1,C1
83.,1,C1
Weinest,1,C1
verwaltend,1,C1
Emire[591,1,C1
kannibalischen,1,C1
socialendämonistisch,1,C1
werth,1,C1
418.,1,C1
unabänderlich,1,C1
gekocht,1,C1
40ger,1,C1
trunken,1,C1
herzlich,1,C1
eingeliefert,1,C1
omnivoren,1,C1
biegsam,1,C1
spalt,1,C1
pervers,1,C1
gestrickten,1,C1
oratorisch,1,C1
verfassten,1,C1
aegypten,1,C1
beherrschend,1,C1
ungehorsam,1,C1
qualitativ,1,C1
misslich,1,C1
dunkelkariert,1,C1
gesagt,1,C1
Faul,1,C1
skrupulösest,1,C1
eidesstattlich,1,C1
erwähn,1,C1
vertrauten,1,C1
excessiv,1,C1
milderem,1,C1
ungetrübt,1,C1
aussähe,1,C1
gemeinplätzig,1,C1
Unserem,1,C1
wortgetreu,1,C1
scheint's,1,C1
hochgelehrt,1,C1
witzlos,1,C1
ergründend,1,C1
erpresst,1,C1
lösend,1,C1
verursachen,1,C1
flehend,1,C1
inmitten,1,C1
entschuldigend,1,C1
drängend,1,C1
katzenartig,1,C1
härtesten,1,C1
gemeiner,1,C1
Allmächtig,1,C1
seidn,1,C1
dunkeler,1,C1
reiflich,1,C1
eröffnend,1,C1
ergrimmt,1,C1
verehrlich,1,C1
gewährlichen,1,C1
nachdenkend,1,C1
zweizüngigt,1,C1
trippelt,1,C1
ausgegangen,1,C1
durchdringender,1,C1
gehn,1,C1
Schlachtopfer,1,C1
öde,1,C1
absetzen,1,C1
gestürzt,1,C1
siebenmalig,1,C1
wiehernd,1,C1
Sommersonnenwende[618,1,C1
richtigere,1,C1
getreten,1,C1
gekrönt,1,C1
leichtest,1,C1
ausgestellt,1,C1
näher,1,C1
sexuell,1,C1
erschüttert,1,C1
Fünftes,1,C1
faulenzend,1,C1
zerrissn,1,C1
schmerzend,1,C1
ausersehen,1,C1
transferirt,1,C1
äquatorial,1,C1
unverbraucht,1,C1
Eideren,1,C1
aufbewahrten,1,C1
gröbsten,1,C1
gewollt,1,C1
doppelsinnig,1,C1
stärkeer,1,C1
Hinunter,1,C1
goldausstreuend,1,C1
bemalt,1,C1
zehnt,1,C1
vorletzten,1,C1
Richtiger,1,C1
wohlfeil,1,C1
erkenntnisstheoretisch,1,C1
anrückend,1,C1
soigniert,1,C1
daherfahrend,1,C1
"30,000",1,C1
durchgesehen,1,C1
Rohe,1,C1
erkrankt,1,C1
unbrauchbar,1,C1
beginnend,1,C1
Brüder,1,C1
säbelschärfenden,1,C1
vorbeifliessend,1,C1
lanzenwerfend,1,C1
gegohren,1,C1
geschminkt,1,C1
unscheinbaren,1,C1
assyrisch,1,C1
Zwistigkeit,1,C1
widerholtenmal,1,C1
ungekocht,1,C1
vernünft'g,1,C1
Realismus.=,1,C1
gefroren,1,C1
5.--,1,C1
vorausgeschickt,1,C1
abwartend,1,C1
Blut,1,C1
leichtverdaulich,1,C1
vierzehnjährig,1,C1
mannigfaltig,1,C1
allerschwerst,1,C1
feindeverbrennend,1,C1
verdaulich,1,C1
dermal,1,C1
daimonisch,1,C1
hässlich,1,C1
kartoffelessend,1,C1
gestreift,1,C1
socialgefährlich,1,C1
fleht,1,C1
ansprechend,1,C1
beiderseitig,1,C1
unterscheiden,1,C1
verweichlicht,1,C1
verschnitten,1,C1
energielos,1,C1
taktfest,1,C1
Körperlich,1,C1
unheilbringend,1,C1
Fall_[534,1,C1
aufgezeigt,1,C1
reproduktiv,1,C1
irrig,1,C1
gelagert,1,C1
beglaubig,1,C1
auslaufend,1,C1
angeborn,1,C1
vermehrend,1,C1
kohlessend,1,C1
fruchtbarer,1,C1
begleitet,1,C1
importirt,1,C1
unbeweglich,1,C1
mitgeführt,1,C1
Wehrlosen,1,C1
ärmerer,1,C1
Früh,1,C1
schleunigst,1,C1
vorherrschend,1,C1
hundsföttisch,1,C1
hervorbrechend,1,C1
Rembrandtsche,1,C1
vermischt,1,C1
pontisch,1,C1
restlos,1,C1
aufgestellt,1,C1
gemässigter,1,C1
kniend,1,C1
versagt,1,C1
gesättigt,1,C1
verlautend,1,C1
aufgebracht,1,C1
vergelt,1,C1
hervorwachsend,1,C1
himmelhoh,1,C1
beritten,1,C1
endlos,1,C1
taktmäßig,1,C1
verlieh,1,C1
aufgebürdet,1,C1
rundgeprägt,1,C1
Selbem,1,C1
papiern,1,C1
einpferdig,1,C1
stellten,1,C1
strohgeflochten,1,C1
animal,1,C1
kostbarst,1,C1
geleert,1,C1
gepflogen,1,C1
unerwiesen,1,C1
Historisch-kritische,1,C1
blähend,1,C1
repräsentativ,1,C1
einundzwanzigst,1,C1
schmackhaft,1,C1
Wassaf's,1,C1
aufgelegten,1,C1
unwegsam,1,C1
Treue[563,1,C1
nigurisch,1,C1
ehrfurchtvoll,1,C1
diskutierter,1,C1
Verbannt,1,C1
gezählt,1,C1
procentualisch,1,C1
länglicht,1,C1
thränend,1,C1
Kleinere,1,C1
assimilirbar,1,C1
nachdacht,1,C1
Heitre,1,C1
Teiche,1,C1
desjenig,1,C1
gehackt,1,C1
assimilirt,1,C1
declamirt,1,C1
mündig,1,C1
gesundheitsdienlich,1,C1
hilflos,1,C1
Resultat,1,C1
verwüstet,1,C1
zurückgekommen,1,C1
zweit,1,C1
unbegraben,1,C1
überernährt,1,C1
naturgemässer,1,C1
präliminär,1,C1
chanisch,1,C1
behauptet,1,C1
hinrichen,1,C1
Fünfter,1,C1
ausgeworfen,1,C1
gesittet,1,C1
wunderseltn,1,C1
entscheidendster,1,C1
hör,1,C1
annal,1,C1
Leise,1,C1
80.,1,C1
umständlichst,1,C1
gründlichst,1,C1
einschüchternd,1,C1
friedlos,1,C1
allerbarmend,1,C1
Wörterbuche,1,C1
altägyptisch,1,C1
heillocs,1,C1
kumarisch,1,C1
gewiesen,1,C1
gelangt,1,C1
einschläfernd,1,C1
72.,1,C1
erlauchter,1,C1
Rothes,1,C1
p.,1,C1
273.,1,C1
Après,1,C1
ermordet,1,C1
visionär,1,C1
ehern,1,C1
stürzend,1,C1
gebieterisch,1,C1
niederst,1,C1
gib,1,C1
geheuchelt,1,C1
fassend,1,C1
vervielfältigt,1,C1
fünfzeilig,1,C1
erklärbar,1,C1
Adschaibol-machlukat,1,C1
excessisse,1,C1
amerikanisch,1,C1
erleuchtet,1,C1
61.,1,C1
paradox,1,C1
harrend,1,C1
blies,1,C1
dunkelnd,1,C1
kürzest,1,C1
84.,1,C1
erweiternd,1,C1
islamisch,1,C1
Verschmäht,1,C1
gekräuselt,1,C1
ungezügelt,1,C1
Zweiter,1,C1
azurn,1,C1
linkisch,1,C1
bosnisch,1,C1
österreichisch,1,C1
hochverehrten,1,C1
42te,1,C1
unsrer,1,C1
eingemauert,1,C1
modernd,1,C1
Mongolische,1,C1
gestockt,1,C1
ertheilt,1,C1
Ernannt,1,C1
lästernd,1,C1
feierlichst,1,C1
brütet,1,C1
Ringsumher,1,C1
Geist,1,C1
angstvoll,1,C1
fac,1,C1
wohlberedt,1,C1
hochfliegend,1,C1
eifernd,1,C1
graumeliert,1,C1
52.,1,C1
Jemand,1,C1
Nehr,1,C1
82.,1,C1
schäumend,1,C1
Französ,1,C1
verhängt,1,C1
bewandert,1,C1
90.,1,C1
part,1,C1
dschurdsch,1,C1
92.,1,C1
180.,1,C1
zweimonatlich,1,C1
511.,1,C1
Gazer,1,C1
94.,1,C1
überwölbet,1,C1
alexandrinisch,1,C1
Nähere,1,C1
äussersen,1,C1
Armer,1,C1
heimatlos,1,C1
89.,1,C1
penetrant,1,C1
aufrührerisch,1,C1
gehauen,1,C1
65.,1,C1
88.,1,C1
Erneutes,1,C1
vorzutrag,1,C1
zweihunderen,1,C1
342.,1,C1
klarst,1,C1
Ulys,1,C1
mémoirer,1,C1
tödtet,1,C1
géographiqu,1,C1
78.,1,C1
strömend,1,C1
tröste,1,C1
fünfhundertst,1,C1
amoenitat,1,C1
Reichsangelegenheit,1,C1
erhabenst,1,C1
verworren,1,C1
verliehener,1,C1
60.,1,C1
85.,1,C1
belagernd,1,C1
bi,1,C1
Arzte[709,1,C1
jeher,1,C1
593.,1,C1
59.,1,C1
ehrenvoller,1,C1
Haithon,1,C1
Reiskische,1,C1
tscherkessisch,1,C1
73.,1,C1
pflanzter,1,C1
gischt,1,C1
befreiend,1,C1
Seaadeddewlet's,1,C1
Wesir[707,1,C1
blumig,1,C1
1826.,1,C1
nothgedrung,1,C1
benachbart,1,C1
bekundet,1,C1
Lieblich,1,C1
betrogen,1,C1
gefoltert,1,C1
erspriesslich,1,C1
versunken,1,C1
anwend,1,C1
südwestlich,1,C1
doktrinär-liberal,1,C1
ob,1,C1
beleidigend,1,C1
nachstehend,1,C1
gehofft,1,C1
kratzend,1,C1
nunmehrig,1,C1
frech,1,C1
mindest,1,C1
heraushängend,1,C1
geheimnissvoll,1,C1
vergeudet,1,C1
ungeschminkt,1,C1
unheilsam,1,C1
später,1,C1
förmlich,1,C1
Bäche,1,C1
unstet,1,C1
begraben,1,C1
ausserfamiliär,1,C1
entsprang[650,1,C1
sonnengetrocknet,1,C1
grossdeutsch,1,C1
bronzener,1,C1
berühmt[644,1,C1
steinig,1,C1
hungrigen,1,C1
prächt'g,1,C1
abgestumpft,1,C1
gegnerisch,1,C1
nichtsdestowenig,1,C1
fliehend,1,C1
antworen,1,C1
geleitet_[631,1,C1
malayisch,1,C1
vielköpfig,1,C1
subaltern,1,C1
weisschäumend,1,C1
verwischt,1,C1
angewandt,1,C1
Gleich,1,C1
erhellt,1,C1
Reiche,1,C1
seelisch,1,C1
parteilos,1,C1
Zugeg,1,C1
verzehrend,1,C1
entfloh,1,C1
ergraut,1,C1
einverstanden,1,C1
blutend,1,C1
frühest,1,C1
bestieg,1,C1
rachebrütend,1,C1
Religiösen,1,C1
ränkeschmiedend,1,C1
Emir,1,C1
Vermittel,1,C1
trauernd,1,C1
eingeklemmt,1,C1
untrennbar,1,C1
schlichten,1,C1
flau,1,C1
zugemessen,1,C1
rosa,1,C1
typographisch,1,C1
inkonsistent,1,C1
eure,1,C1
lachend,1,C1
unverschämt,1,C1
jubelnd,1,C1
schlaghaft,1,C1
peupl,1,C1
lind,1,C1
amtlich,1,C1
ruhlos,1,C1
verstellt,1,C1
ungeahnt,1,C1
geschehn,1,C1
Tegud,1,C1
transatlantisch,1,C1
vornehmem,1,C1
einflussreich,1,C1
D'Anville's,1,C1
manend,1,C1
zwich,1,C1
hegt,1,C1
Schönredner,1,C1
tausendfach,1,C1
rebellisch,1,C1
enthalten,1,C1
schöngewirkt,1,C1
geschildert,1,C1
Moineddin,1,C1
zweigesichig,1,C1
wilder,1,C1
Eilf,1,C1
derwisch,1,C1
schlafbenebelt,1,C1
unvorgesehen,1,C1
entsprungen,1,C1
dasselbe,1,C1
geflüchtet[663,1,C1
ohnmächtig,1,C1
Dorfe,1,C1
Philosophisch,1,C1
dritt,1,C1
Worunter,1,C1
beizusteh,1,C1
astrologisch,1,C1
übermüthig,1,C1
Allmächt'ge,1,C1
muthwillig,1,C1
unvergesslich,1,C1
astronomisch,1,C1
Pallaste,1,C1
rednerisch,1,C1
Unendliches,1,C1
rückständig,1,C1
Pferden[747,1,C1
knabenhaft,1,C1
tönend,1,C1
schwindelnd,1,C1
benützt,1,C1
unfaßbar,1,C1
vordarwinsch,1,C1
herabströmend,1,C1
aufgestochener,1,C1
armem,1,C1
wohlgemeinten,1,C1
parlamentarisch,1,C1
erschütternd,1,C1
zerbröckelt,1,C1
schmeckend,1,C1
monadologisch,1,C1
vorgesetzt,1,C1
milder,1,C1
absolvirt,1,C1
dienstlich,1,C1
vorgefasst,1,C1
unkritisch,1,C1
journalistisch,1,C1
prahlerisch,1,C1
offenst,1,C1
heraufbeschworen,1,C1
zurückkehren,1,C1
zusammenhanglos,1,C2
kleinkrämerisch,1,C2
ungeheuerlicher,1,C2
behandelnd,1,C2
negativ,1,C2
partikulär,1,C2
Müsst,1,C2
unverdächtig,1,C2
andauernde,1,C2
singulären,1,C2
verhängnissvoll,1,C2
zusammengeschleppt,1,C2
haltlos,1,C2
larvirt,1,C2
liberalst,1,C2
nummerirten,1,C2
angestellter,1,C2
müsst,1,C2
ungerechtfertigt,1,C2
funkelnagelneu,1,C2
vorurtheilslos,1,C2
unsachlich,1,C2
ungeordnet,1,C2
voraufgehend,1,C2
gesichert,1,C2
erweiterter,1,C2
inscenirt,1,C2
umworben,1,C2
abgedient,1,C2
trügerisch,1,C2
unentlohnt,1,C2
gnadenweis,1,C2
pensionsfähig,1,C2
befördert,1,C2
gehaltlos,1,C2
wirkungslos,1,C2
niederdrückend,1,C2
regenerativ,1,C2
schriftstellerisch,1,C2
bereitwillig,1,C2
unbehaglichen,1,C2
schmerzhaft,1,C2
erzeugen,1,C2
atomistisch,1,C2
unsers,1,C2
bornirt,1,C2
günstigst,1,C2
missfällig,1,C2
kundgegeben,1,C2
negativ-dogmatisch,1,C2
symbolisirten,1,C2
werthlos,1,C2
empiristisch,1,C2
skeptisch,1,C2
unfehlbar,1,C2
kunstvoll,1,C2
nachhaltig,1,C2
wahrsagend,1,C2
aristotelisch-mittelalterlich,1,C2
ausgedehnter,1,C2
zeitgenössisch,1,C2
gewählt,1,C2
unreifen,1,C2
ungestört,1,C2
beseitigend,1,C2
Erwachsene~,1,C2
kollegialisch,1,C2
durchfall,1,C2
anderm,1,C2
Grösser,1,C2
englisch-französisch,1,C2
bearbeitend,1,C2
konvergirend,1,C2
vollkommener,1,C2
unverarbeitet,1,C2
Tiefere,1,C2
niedriger,1,C2
einträchtig,1,C2
offiziell,1,C2
divergenten,1,C2
endlich,1,C2
monatelang,1,C2
ausgebrochen,1,C2
rechtsphilosophisch,1,C2
angehender,1,C2
wochenlang,1,C2
dürrst,1,C2
dürftigst,1,C2
lange,1,C2
allzuknapp,1,C2
erwerbsmässig,1,C2
zweifellos,1,C2
beneidenswerthe,1,C2
nachbemerkt,1,C2
angemeldet,1,C2
angemessen,1,C2
geschnitten,1,C2
sklavisch,1,C2
abgefragter,1,C2
anerzogen,1,C2
angewöhnt,1,C2
äusseren,1,C2
lästig,1,C2
ökonomisch,1,C2
eingewurzelt,1,C2
übermenschlich,1,C2
constitutionell,1,C2
brennendst,1,C2
erkrankten,1,C2
akut,1,C2
complicirt,1,C2
redebegabt,1,C2
geplagter,1,C2
durchlöcherter,1,C2
bepflanzt,1,C2
beschäftigt,1,C2
gewohnheitsmässig,1,C2
nächstfolgend,1,C2
diagnostisch,1,C2
seltener,1,C2
absonderlich,1,C2
feineer,1,C2
besucht,1,C2
aufgespannt,1,C2
hineingelegt,1,C2
kunstmässig,1,C2
erinnerungslos,1,C2
ausdrückbarer,1,C2
aufgewandt,1,C2
kläglich,1,C2
allergrösst,1,C2
arrangiert,1,C2
werthlose,1,C2
geläufig,1,C2
kunstindustriell,1,C2
wohlhabendst,1,C2
gegebenen,1,C2
gemodelt,1,C2
gastfrei,1,C2
überschüttet,1,C2
nachgerade,1,C2
passender,1,C2
Selbstgepflückte,1,C2
therapeutisch,1,C2
lächelnd,1,C2
prangend,1,C2
erblüht,1,C2
unterschätzend,1,C2
gethan,1,C2
erreichend,1,C2
konfessionell,1,C2
Belebend,1,C2
zündend,1,C2
zudringlich,1,C2
eigenmächtig,1,C2
einigermassen,1,C2
konventionell,1,C2
verarbeitet,1,C2
total,1,C2
schwerwiegend,1,C2
unerlässlich,1,C2
allgemeinerem,1,C2
gewährend,1,C2
anerkennen,1,C2
specialisirt,1,C2
zufliessend,1,C2
verfälsch,1,C2
untergeordnet,1,C2
unrechter,1,C2
ungetheilt,1,C2
verknüpfen,1,C2
zeitgemäß,1,C2
erweckend,1,C2
derjenig,1,C2
los,1,C2
verständnissloser,1,C2
kurzgefasst,1,C2
konsultirend,1,C2
demagogisch,1,C2
drastisch,1,C2
weißgestrichen,1,C2
vielseitig,1,C2
koloristisch,1,C2
Tiziansch,1,C2
eintönig,1,C2
mimisch,1,C2
gemalt,1,C2
zaghafter,1,C2
miasmatisch,1,C2
zusammengedrängt,1,C2
kulturfeindlich,1,C2
ancien,1,C2
aufgeblüht,1,C2
zeittödtend,1,C2
erquält,1,C2
tiefliegend,1,C2
allereigentlichster,1,C2
ungewohnt,1,C2
abgeschrieben,1,C2
herausgegeben,1,C2
abfällig,1,C2
ausdauernd,1,C2
rückwärtig,1,C2
eitl,1,C2
vorüberziehend,1,C2
verständnisslos,1,C2
isolirend,1,C2
erwünschtesten,1,C2
allerunsinnig,1,C2
facsimilirt,1,C2
brieflich,1,C2
bestimmen,1,C2
beliebter,1,C2
beabsichtigt,1,C2
beste,1,C2
proportional,1,C2
nothdürftigst,1,C2
trockn,1,C2
maniakalisch,1,C2
vergnüglich,1,C2
vervollständigen,1,C2
unbelehrbar,1,C2
gutgläubig,1,C2
eingemischt,1,C2
versiegend,1,C2
unausrottbar,1,C2
ausübend,1,C2
zehnfach,1,C2
befriedigt,1,C2
populärwissenschaftlich,1,C2
zurückhaltend,1,C2
allgemeinwissenschaftlich,1,C2
dreissiger,1,C2
betheiligt,1,C2
ungenau,1,C2
näherer,1,C2
bemittelter,1,C2
lohnend,1,C2
unbemittelt,1,C2
eingesandt,1,C2
auftauchend,1,C2
beizufügend,1,C2
allseitig,1,C2
typisch,1,C2
fehlend,1,C2
zusammenhängender,1,C2
umfangreicher,1,C2
wichtiger,1,C2
beschäftig,1,C2
Lieber,1,C2
dünkelvoll,1,C2
intimst,1,C2
missgönnt,1,C2
vermeidlich,1,C2
geniessen,1,C2
ideell,1,C2
altersh,1,C2
betäubend,1,C2
heruntergeschlichen,1,C2
zusammenhangslos,1,C2
genauer,1,C2
eigenartig,1,C2
gestört,1,C2
Wache,1,C2
ekstatisch,1,C2
abreissend,1,C2
vermittelnd,1,C2
entbehrlich,1,C2
nebensächlichen,1,C2
traumgeleitet,1,C2
hungernd,1,C2
konstitutionell,1,C2
verarbeitend,1,C2
automatisch,1,C2
elektrochemisch,1,C2
eingewickelt,1,C2
mikroskopisch,1,C2
abgekehrt,1,C2
kreuzend,1,C2
verschärft,1,C2
sporadisch,1,C2
tiefer,1,C2
triftig,1,C2
Schopenhauer,1,C2
interessantest,1,C2
hervorgerufenen,1,C2
materialistisch,1,C2
intellektuell,1,C2
niedergesetzt,1,C2
eingehend,1,C2
lethargisch,1,C2
magnetisirend,1,C2
getrau,1,C2
aufeinanderfolgend,1,C2
keimend,1,C2
dankenswerth,1,C2
physikalisch,1,C2
unlogisch,1,C2
deckend,1,C2
hyperästhetisch,1,C2
heller,1,C2
minimal,1,C2
regellos,1,C2
unerforscht,1,C2
thermisch,1,C2
nervenphysiologisch,1,C2
ansteckend,1,C2
sprießend,1,C2
aufreibend,1,C2
krafterschöpfend,1,C2
gewissenhafter,1,C2
unterstützend,1,C2
begabt,1,C2
gewissenhafte,1,C2
gewissenhaft,1,C2
wohlthuend,1,C2
mitbestimmend,1,C2
Vierter,1,C2
stabil,1,C2
weitergehend,1,C2
Spamerschen,1,C2
angehängt,1,C2
reorganisirt,1,C2
neunjähriger,1,C2
neunklassig,1,C2
widerspruchsvoll,1,C2
sechsklassig,1,C2
dreiklassig,1,C2
specialistisch,1,C2
geliehen,1,C2
unerreichbar,1,C2
zugeführt,1,C2
irrthümlich,1,C2
arithmetisch,1,C2
strikt,1,C2
schablonenhaft,1,C2
belletristisch,1,C2
seltenst,1,C2
begrenzt,1,C2
fachmässig,1,C2
elementar,1,C2
mitgetheilt,1,C2
allergeringst,1,C2
koncentrirt,1,C2
verschlimmernd,1,C2
modificirt,1,C2
versetzend,1,C2
gleichmässig,1,C2
trennend,1,C2
einleucht,1,C2
unüberschreitbar,1,C2
allerhöchster,1,C2
stellend,1,C2
hinzutretend,1,C2
zulässig,1,C2
herbeigeführt,1,C2
3½-stündige,1,C2
selbstgewählt,1,C2
umspannend,1,C2
unfreiwillig,1,C2
strebsam,1,C2
algebraisch,1,C2
ungeschmälerten,1,C2
revidirt,1,C2
entgegenstehend,1,C2
romanisch,1,C2
slavisch,1,C2
sprachlich,1,C2
artikellos,1,C2
verzwickt,1,C2
eklektisch,1,C2
philosophieverachtend,1,C2
befürworten,1,C2
hinausschiessenden,1,C2
wünschenswerth,1,C2
besonnenst,1,C2
hinausprojicirt,1,C2
durchdachtest,1,C2
verschmelzend,1,C2
hässlichst,1,C2
kaufmännisch,1,C2
verstossend,1,C2
international,1,C2
getrieben,1,C2
englischen,1,C2
gedeihlich,1,C2
zugewiesen,1,C2
interessirt,1,C2
abendländisch,1,C2
gymnasial,1,C2
durchziehend,1,C2
Dramatischer,1,C2
möglichst,1,C2
verringert,1,C2
Kompensirt,1,C2
denkender,1,C2
umgekehrter,1,C2
zweijährig,1,C2
gegabelt,1,C2
mathematisch-naturwissenschaftlich,1,C2
sozialdemokratisch,1,C2
annähernd,1,C2
nivellirungssüchtig,1,C2
aufgewendet,1,C2
erleid,1,C2
dämonistisch,1,C2
kapitalistisch,1,C2
theuren,1,C2
organisirt,1,C2
ebenbürtig,1,C2
lückenhaft,1,C2
zeitgemäss,1,C2
unzeitgemäss,1,C2
beraubt,1,C2
reflexiv,1,C2
unverdaulichst,1,C2
theur,1,C2
abfliessenden,1,C2
feinfühlig,1,C2
teleologisch-vernünftig,1,C2
autorisiert,1,C2
gültig,1,C2
bedenklichst,1,C2
bewährt,1,C2
unstatthaft,1,C2
mitbestimmt,1,C2
gezähmt,1,C2
aufgefasst,1,C2
musikalisch,1,C2
artig,1,C2
odisch,1,C2
vorschwebend,1,C2
vorbereitend,1,C2
spurlos,1,C2
phantasiemässig,1,C2
entlobt,1,C2
phantasielos,1,C2
entgegengebracht,1,C2
unentweihten,1,C2
geprüft,1,C2
alternd,1,C2
wählend,1,C2
formell,1,C2
irregeleitet,1,C2
blosse,1,C2
schaffend,1,C2
nachgewiesen,1,C2
überschreitend,1,C2
unweiblich,1,C2
weiterer,1,C2
alternirt,1,C2
hergestellt,1,C2
wirksamster,1,C2
gegängelt,1,C2
klerikal,1,C2
ultramontan,1,C2
ausgetreten,1,C2
jesuitisch,1,C2
willkürlich,1,C2
kürzer,1,C2
fördernd,1,C2
untergrabend,1,C2
heuchlerisch,1,C2
ätherisch,1,C2
monogamisch,1,C2
untreu,1,C2
untergeschoben,1,C2
empörend,1,C2
eudämonologisch,1,C2
entfallend,1,C2
vorangestellt,1,C2
vergleichend,1,C2
wohlerzogen,1,C2
peripherisch,1,C2
beschämend,1,C2
konstante+,1,C2
variabl,1,C2
sensorischer,1,C2
opferbereit,1,C2
verhüllt,1,C2
durchscheinender,1,C2
unbestreitbar,1,C2
puritanisch,1,C2
verfeinert,1,C2
anästhetisch,1,C2
nivellirend,1,C2
verschiebbar,1,C2
erstrebt,1,C2
behaglicher,1,C2
beschleunigt,1,C2
gleissend,1,C2
hinausgehend,1,C2
wetteifernd,1,C2
spartanisch,1,C2
erholend,1,C2
nächstliegend,1,C2
traumlos,1,C2
rückhaltslos,1,C2
vergeistigt,1,C2
undifferenzirt,1,C2
untüchtig,1,C2
differenzirt,1,C2
kapitalisirt,1,C2
socialpolitisch,1,C2
directer,1,C2
schlohweiß,1,C2
sitzenbleibend,1,C2
angespannter,1,C2
intensiver,1,C2
gesundheitsgemässer,1,C2
stärkend,1,C2
gestaltend,1,C2
fortbestehend,1,C2
ersetzend,1,C2
nahrhafte,1,C2
nervenerregend,1,C2
regenerirend,1,C2
verlängert,1,C2
schluchzt,1,C2
nebensächlich,1,C2
kaninchenartig,1,C2
excentrisch,1,C2
hypothetisch,1,C2
zugeeignet,1,C2
optimistisch,1,C2
sinnverwirrend,1,C2
pessimistisch,1,C2
umfas,1,C2
ausgedient,1,C2
rundlich,1,C2
vorübergezogen,1,C2
zimperlich,1,C2
genealogisch,1,C2
unverstanden,1,C2
unartikulirt,1,C2
anzutreffend,1,C2
unhaltbar,1,C2
entwickelt,1,C2
reicher,1,C2
überreizt,1,C2
dienlich,1,C2
festgestellt,1,C2
eingebildeten,1,C2
Wünschenswerthe,1,C2
zustimmend,1,C2
stattgehabte,1,C2
rechtzeitig,1,C2
gemeingefährlich,1,C2
schmerzlos,1,C2
milchend,1,C2
inhaltlich,1,C2
gejagt,1,C2
entwickelungslos,1,C2
unabtrennbarer,1,C2
naturgemässen,1,C2
konkret,1,C2
oberflächlich,1,C2
unwissenschaftlich,1,C2
homogen,1,C2
immateriell,1,C2
unbewusste,1,C2
grundlos,1,C2
langgezogen,1,C2
consequent,1,C2
natürlichern,1,C2
kürz,1,C2
leblose,1,C2
erfindend,1,C2
synthetisch,1,C2
aufgefrischt,1,C2
zerstückelt,1,C2
vermodert,1,C2
inhuman,1,C2
entkommen,1,C2
roher,1,C2
organisch-sinnlich,1,C2
visionär-bildlich,1,C2
langgestreckt,1,C2
pflichtmässig,1,C2
ostentativ,1,C2
mangelhaft,1,C2
ziehend,1,C2
gewendet,1,C2
versauert,1,C2
kalt-grausame,1,C2
blutdürstig,1,C2
warmherzig,1,C2
wackerst,1,C2
verödet,1,C2
vorstehend,1,C2
brauchbar,1,C2
uralen,1,C2
induktiv,1,C2
entdeckt,1,C2
verurtheilt,1,C2
steinleidend,1,C2
geringfügig,1,C2
ausgedehntest,1,C2
gewagt,1,C2
Sinnliche,1,C2
missbräuchlich,1,C2
abnorm-untersinnlich,1,C2
voraufgegangen,1,C2
leibfreiem,1,C2
gehend,1,C2
verworfen,1,C2
rationalistisch,1,C2
sinnlich-bildlich,1,C2
zurückgetreten,1,C2
belastet,1,C2
mitangespannt,1,C2
gezwungen,1,C2
unzureichend,1,C2
zweischneidig,1,C2
bemitleidend,1,C2
Passionirt,1,C2
gequält,1,C2
absurd,1,C2
helfend,1,C2
todeswürdig,1,C2
h.,1,C2
geopfert,1,C2
zoologisch,1,C2
intelligibel,1,C2
pflanzenfressend,1,C2
allesfressend,1,C2
gesetzmässig,1,C2
gemüthvoll,1,C2
erkannt,1,C2
genossen,1,C2
unauskömmlich,1,C2
verfeinertst,1,C2
ohrenbeleidigend,1,C2
traulich,1,C2
verscheucht,1,C2
impulsiv,1,C2
frostig,1,C2
vorgefunden,1,C2
mutlos,1,C2
maschinenmässig,1,C2
familiär,1,C2
Junggeselle,1,C2
heitere,1,C2
infiltrirt,1,C2
gartenlos,1,C2
decentralisirten,1,C2
gegangen,1,C2
wirkend,1,C2
fensterlos,1,C2
ungelüftet,1,C2
verräuchert,1,C2
besondr,1,C2
gesündest,1,C2
luftigst,1,C2
vogelbauerartig,1,C2
besaitet,1,C2
gemütlich,1,C2
Hilflosen,1,C2
intimer,1,C2
unbequem,1,C2
abfliessend,1,C2
unbehaglich,1,C2
stundenlang,1,C2
unerfreulich,1,C2
fürchtend,1,C2
eingerissen,1,C2
Grösseren,1,C2
vierziger,1,C2
suchend,1,C2
bayerisch,1,C2
Wiener,1,C2
begünstigend,1,C2
verzichtet,1,C2
intellectuell,1,C2
Repräsentative,1,C2
schüttelnd,1,C2
angestrebt,1,C2
abgegrenzt,1,C2
vollbracht,1,C2
bemessen,1,C2
unerträglicher,1,C2
veredelnd,1,C2
widerstandslos,1,C2
schornsteineng,1,C2
einleuchtend,1,C2
ornamental,1,C2
festigend,1,C2
eigne,1,C2
nachbarlich,1,C2
zehnstöckig,1,C2
wohnenden,1,C2
ärgst,1,C2
indifferent,1,C2
Zweckmässige,1,C2
Fertig,1,C2
anzulegend,1,C2
unbebaut,1,C2
wunderthätig,1,C2
unausweichlich,1,C2
entfernter,1,C2
irrationell,1,C2
gesünd,1,C2
unzuverlässig,1,C2
weither,1,C2
geschraubt,1,C2
registrirt,1,C2
lebensfrohe,1,C2
vortheilhaftest,1,C2
unschädlich,1,C2
aufwachsend,1,C2
verkümmert,1,C2
stubengross,1,C2
katarrhalisch,1,C2
architektonisch,1,C2
stilisirt,1,C2
übertüncht,1,C2
fleischlos,1,C2
wohlbegründet,1,C2
unbeabsichtigt,1,C2
gutschliessend,1,C2
baupolizeilich,1,C2
rheumatisch,1,C2
hellsehend,1,C2
empfohlen,1,C2
heissen,1,C2
aussichtslos,1,C2
gläsern,1,C2
windgeschützt,1,C2
waschledern,1,C2
aufrichtend,1,C2
allerbescheidenst,1,C2
stubenhockerisch,1,C2
schattig,1,C2
greifbar,1,C2
giltig,1,C2
mittäglich,1,C2
geschachtelt,1,C2
geordnet,1,C2
überwuchernd,1,C2
geschäftig,1,C2
fünfstündig,1,C2
dreistündig,1,C2
einstündig,1,C2
nebenherlaufend,1,C2
nennenswerth,1,C2
20er,1,C2
reflexhemmend,1,C2
allerneuest,1,C2
augenverderbend,1,C2
hemmend,1,C2
zügelnd,1,C2
erfüllend,1,C2
vorübergehenden,1,C2
phantastisch-illusorisch,1,C2
jahrelang,1,C2
gebaut,1,C2
gesundheitswidrig,1,C2
anfänglich,1,C2
erkaltet,1,C2
ermüdet,1,C2
wirtschaftlich,1,C2
symbolisch-phantastisch,1,C2
liebenswürdiger,1,C2
betrunkn,1,C2
gefällig,1,C2
vorbehaltlos,1,C2
kontrastirend,1,C2
gewöhnt,1,C2
Mittellose,1,C2
natürlicher,1,C2
individualistisch,1,C2
abstrakt-idealistisch,1,C2
selbstsüchtig,1,C2
neuaufstrebend,1,C2
extrem,1,C2
bethört,1,C2
opferwillig,1,C2
zusammengestellt,1,C2
leichtsinnig,1,C2
beruhigend,1,C2
willkommen,1,C2
Theilweise,1,C2
mürrisch,1,C2
angehaucht,1,C2
irgendwelch,1,C2
galvanisch,1,C2
gehemmt,1,C2
geplant,1,C2
generell,1,C2
hallucinatorisch,1,C2
zielbewusster,1,C2
versäumt,1,C2
arbeitsfähig,1,C2
gedankenlos,1,C2
arbeitswillig,1,C2
einfacheren,1,C2
dargebrachter,1,C2
verlangende,1,C2
aufgetaucht,1,C2
eingeprägt,1,C2
voraussichtlich,1,C2
erblich,1,C2
aufgezwungen,1,C2
bildlich,1,C2
nächstnieder,1,C2
umschwärmt,1,C2
unbeachtet,1,C2
unscheinbarer,1,C2
zugeschrieben,1,C2
handgreiflich,1,C2
fünfzigjährig,1,C2
autonom,1,C2
werthe,1,C2
schroffen,1,C2
gebend,1,C2
kostspielig,1,C2
zweifelhaft,1,C2
seelenmörderisch,1,C2
durchgeführen,1,C2
associativ,1,C2
schonungslos,1,C2
gesunder,1,C2
müsster,1,C2
zurückgelegt,1,C2
engbegrenzt,1,C2
steuerpflichtig,1,C2
situirt,1,C2
zwiespältig,1,C2
sparsam,1,C2
natürlichst,1,C2
keimartig,1,C2
nämlich,1,C2
gradlinig,1,C2
unerreichten,1,C2
activ,1,C2
augenscheinlich,1,C2
sichergestellt,1,C2
kouponschneidend,1,C2
leistungswillig,1,C2
heiratsfähig,1,C2
berufslos,1,C2
verfas,1,C2
härn,1,C2
bereitet,1,C2
hamburg,1,C2
allerfeulste,1,C2
allerfäulste,1,C2
verstrochen,1,C2
gesannt,1,C2
stürtzet,1,C2
ohnmachtähnlich,1,C2
mann,1,C2
pros,1,C2
ages,1,C2
enable,1,C2
memoriz,1,C2
teach,1,C2
when,1,C2
thos,1,C2
becom,1,C2
long,1,C2
them,1,C2
After,1,C2
Tales,1,C2
anecdot,1,C2
Rather,1,C2
polit,1,C2
everywher,1,C2
sincer,1,C2
Pfannkuchen,1,C2
zerbst,1,C2
mollt,1,C2
aufzurichten,1,C2
Schweher,1,C2
torstensohnisch,1,C2
Zaren,1,C2
heikel,1,C2
großfürstlich,1,C2
oftgemeldter,1,C2
unausbleiblich,1,C2
dero,1,C2
wohlerfahren,1,C2
gesteppt,1,C2
Zar,1,C2
sichern,1,C2
eig,1,C2
vormittägig,1,C2
niuchisch,1,C2
spannend,1,C2
hinterlistig,1,C2
Hochtragende,1,C2
hinflüchtig,1,C2
unbußfertig,1,C2
schnöde,1,C2
altschwabach,1,C2
Spamer'sch,1,C2
discurierter,1,C2
diskurieren,1,C2
dörfte,1,C2
erlösend,1,C2
Schönes,1,C2
Tracht,1,C2
tödlich,1,C2
demjenigen,1,C2
~Anon.~,1,C2
Pflücke,1,C2
Zaub'rer,1,C2
wandelnd,1,C2
achten,1,C2
baut,1,C2
befolgen,1,C2
Begossen,1,C2
behüten,1,C2
bellt,1,C2
belohnt,1,C2
bequemen,1,C2
besorgt,1,C2
bewaffnet,1,C2
bewundert,1,C2
bilden,1,C2
leaves,1,C2
palen,1,C2
blüht,1,C2
brauchen,1,C2
thank,1,C2
zeitraubend,1,C2
dagestand,1,C2
dichteste,1,C2
abgetragen,1,C2
verwitwet,1,C2
own,1,C2
entzückt,1,C2
forthen,1,C2
volum,1,C2
Süß,1,C2
totlach,1,C2
jammernd,1,C2
matt,1,C2
neugeboren,1,C2
Armes,1,C2
werer,1,C2
arbeitet,1,C2
dagestanden,1,C2
aufgeregt,1,C2
träg,1,C2
bedroht,1,C2
und,1,C2
her,1,C2
einhalten,1,C2
bezeichnen,1,C2
elfter,1,C2
kohlenschwarz,1,C2
Geehrt,1,C2
wartend,1,C2
ärmlich,1,C2
unvollendet,1,C2
erwidert,1,C2
untermischt,1,C2
erscheinend,1,C2
duften,1,C2
verstopft,1,C2
überreden,1,C2
ausgesprungen,1,C2
gnadenreich,1,C2
alldorten,1,C2
versprech,1,C2
Tugendhaft,1,C2
müßig,1,C2
allerliebsten,1,C2
widriger,1,C2
halber,1,C2
kur-bayrisch,1,C2
hochgemeldt,1,C2
verhoffter,1,C2
veränderlich,1,C2
perfekt,1,C2
halbverfault,1,C2
ehend,1,C2
hinterlegt,1,C2
wohl-lustbarlich,1,C2
eingeäscherten,1,C2
verwirrt,1,C2
schlichen,1,C2
vorteilhaftig,1,C2
Courtoise,1,C2
lieblichst,1,C2
spöttlich,1,C2
wohlgemeldt,1,C2
liebreizend,1,C2
zumalen,1,C2
eroberen,1,C2
ehrbarer,1,C2
Dergleichen,1,C2
übergöldt,1,C2
spöttlichst,1,C2
holländ,1,C2
gereich,1,C2
meinesgleich,1,C2
übergezogen,1,C2
närrischer,1,C2
Heilloser,1,C2
überzeugt,1,C2
allwo,1,C2
ungestüm,1,C2
dasaß,1,C2
notfester,1,C2
gold,1,C2
fiele,1,C2
ewigwährend,1,C2
verlaust,1,C2
erbarmet,1,C2
begierig,1,C2
ird,1,C2
lausigen,1,C2
geheimst,1,C2
vorwitzig,1,C2
vermeinet,1,C2
vereinigt,1,C2
unordentlich,1,C2
dien,1,C2
besorglich,1,C2
friedsam,1,C2
allererst,1,C2
Ausgestoß,1,C2
schleimig,1,C2
vertraulich,1,C2
beschien,1,C2
medicinalisch,1,C2
bequemst,1,C2
wohlgemessen,1,C2
verschmitzt,1,C2
geizig,1,C2
abwesend,1,C2
überselig,1,C2
Vortrefflich,1,C2
schwäbisch,1,C2
ratschlagten,1,C2
derhalben,1,C2
bayersbrunner,1,C2
erlustigt,1,C2
Lullischen,1,C2
wiedertäuferisch,1,C2
mildreich,1,C2
zögernd,1,C2
emsig,1,C2
gelitten,1,C2
achtzeh,1,C2
kraftlos,1,C2
knollfinken,1,C2
erfreuet,1,C2
Nördlinger,1,C2
Verlorener,1,C2
Leib,1,C2
allerdickst,1,C2
haarig,1,C2
gefaßt,1,C2
verrucht,1,C2
mittelmäßig,1,C2
gemünzt,1,C2
württembergsch,1,C2
gezimmert,1,C2
württembergisch,1,C2
mineralisch,1,C2
continuieret,1,C2
hinunt,1,C2
überreicht,1,C2
allgütig,1,C2
allergrößt,1,C2
unbewußt,1,C2
wohlbestellt,1,C2
reputierlich,1,C2
unzweifelhaft,1,C2
jedwed,1,C2
dickste,1,C2
haste,1,C2
gespalten,1,C2
lesend,1,C2
achtbar,1,C2
stärkerer,1,C2
Wohlgewachsener,1,C2
blondhaarig,1,C2
lispelnder,1,C2
statisch,1,C2
magst,1,C2
Brave,1,C2
neuerlich,1,C2
thöner,1,C2
mosaischer,1,C2
hellgrün,1,C2
Dithmarsch,1,C2
untersetzt,1,C2
erzeugt,1,C2
thönern,1,C2
Mächt,1,C2
datirend,1,C2
bevorrechtet,1,C2
christlichen+,1,C2
vergebend,1,C2
rechtschaffn,1,C2
dreißiger,1,C2
ergreifen,1,C2
länger,1,C2
beißend,1,C2
sonder,1,C2
großmüthig,1,C2
ergeben,1,C2
Lessersche,1,C2
~aimable,1,C2
köstlichste,1,C2
bedrängen,1,C2
graduirt,1,C2
simpl,1,C2
fleißig,1,C2
ältlich,1,C2
ausgemergelt,1,C2
Gekleidet,1,C2
genußreich,1,C2
koquett,1,C2
mancher,1,C2
entschiedenes+,1,C2
umgeben,1,C2
vorübereilend,1,C2
beschlagen,1,C2
Pohlschen,1,C2
ungeduldig,1,C2
Wandsbecker,1,C2
Harmsianer,1,C2
Irre,1,C2
Kraftvoller,1,C2
freisinnig,1,C2
freidenkend,1,C2
populärer+,1,C2
ungeschicktes,1,C2
abhängig,1,C2
naht,1,C2
Geliebt,1,C2
nev,1,C2
togeth,1,C2
möbelerschütternd,1,C2
studirt,1,C2
rastlos,1,C2
leerstehend,1,C2
Bemerkte,1,C2
kreuzbrav,1,C2
sprüht,1,C2
himmlischer,1,C2
übelangebracht,1,C2
innern,1,C2
schwerfällig,1,C2
schwindlend,1,C2
sengend,1,C2
industriell,1,C2
umfassend,1,C2
nobel,1,C2
bourbonsch,1,C2
hochstrebend,1,C2
personificirt,1,C2
zürnend,1,C2
berühmtenst,1,C2
thörichten,1,C2
übergroß,1,C2
nebelgrauer,1,C2
pecuniair,1,C2
sechsten+,1,C2
Commercielle,1,C2
übernommen,1,C2
strahlt,1,C2
schwarzäugig,1,C2
umhe,1,C2
19t,1,C2
Dummes,1,C2
Kammermädchen,1,C2
Dänisch,1,C2
lieberal,1,C2
schrecklichst,1,C2
Unglücklichen,1,C2
achtungswerth,1,C2
tieferer,1,C2
schick,1,C2
antwortend,1,C2
anständigst,1,C2
bisch,1,C2
arbeitsscheu,1,C2
einzuhol,1,C2
einfacherer,1,C2
schwebend,1,C2
athmenden,1,C2
weitumfassend,1,C2
zarte,1,C2
hammerichsch,1,C2
Hannoveraner,1,C2
put,1,C2
rapportieren,1,C2
rauchen,1,C2
reisen,1,C2
reist,1,C2
reuen,1,C2
rollt,1,C2
rudern,1,C2
schaute,1,C2
schluchzen,1,C2
Schneite,1,C2
an=,1,C2
setzt,1,C2
themselves,1,C2
spaltet,1,C2
stolz=,1,C2
streichelen,1,C2
tanzt,1,C2
Tönt,1,C2
trauert,1,C2
übernachten,1,C2
überrumpelen,1,C2
vernichten,1,C2
verstecken,1,C2
ta,1,C2
verwunden,1,C2
wärmsen,1,C2
rauben,1,C2
pap,1,C2
weideter,1,C2
öffnet,1,C2
entschuldigen,1,C2
entzücken,1,C2
erhört,1,C2
fortgegang,1,C2
reiste,1,C2
rollte,1,C2
pleasur,1,C2
fröstelt,1,C2
fürchtet,1,C2
99.,1,C2
favorabel,1,C2
Hämmert,1,C2
herangebroch,1,C2
mast,1,C2
hinuntergegang,1,C2
hinweggeseh,1,C2
hive,1,C2
kracht,1,C2
lachte,1,C2
lagen=,1,C2
laufen=,1,C2
Lauteste,1,C2
leer=,1,C2
pleasure,1,C2
associat,1,C2
wecken,1,C2
wettet,1,C2
anmaßender,1,C2
furnish,1,C2
Necessary,1,C2
system,1,C2
Hearty,1,C2
Shorter,1,C2
other,1,C2
Praktische,1,C2
Anecdot,1,C2
serv,1,C2
Kleine,1,C2
noter,1,C2
Historisch,1,C2
nähernden,1,C2
attractive,1,C2
Grandgent's,1,C2
Découvertes,1,C2
B.,1,C2
Notes,1,C2
fifteen-lin,1,C2
Charter,1,C2
Garner,1,C2
ordinary,1,C2
regional,1,C2
hochgestellt,1,C2
gleichgesinnt,1,C2
ergriffen,1,C2
high,1,C2
Book,1,C2
zanken,1,C2
weint,1,C2
entgegeneilend,1,C2
umgeworfen,1,C2
endgültig,1,C2
zuckend,1,C2
durchschauend,1,C2
hinuntergeworfen,1,C2
sichtbar,1,C2
regelmäßig,1,C2
durchbrechend,1,C2
grauschwarz,1,C2
festgeriegelt,1,C2
feindselig,1,C2
ausbreitend,1,C2
gefaltet,1,C2
sträubend,1,C2
48.,1,C2
unsichtbar,1,C2
zurückschnappend,1,C2
Fischer,1,C2
that,1,C2
Lahme,1,C2
Ließen,1,C2
tuschelt,1,C2
zwölften,1,C2
Spann,1,C2
bekommen,1,C2
schlüpfrig,1,C2
böß,1,C2
Ohn,1,C2
ungnädig,1,C2
unversehen,1,C2
Stille,1,C2
drollicht,1,C2
allzukurz,1,C2
mißgünstig,1,C2
wütender,1,C2
verschüttet,1,C2
fußf,1,C2
ätzend,1,C2
wohlanständig,1,C2
eindringlich,1,C2
verursachter,1,C2
eingehändiget,1,C2
entlehnt,1,C2
echen,1,C2
allerforchtsamst,1,C2
rauchericht,1,C2
schöne,1,C2
geflügelt,1,C2
scheinbarlich,1,C2
neugeworben,1,C2
visierlich,1,C2
geflüchtet,1,C2
ohnweis,1,C2
neuerlernten,1,C2
vertrieben,1,C2
winterlich,1,C2
Liebes,1,C2
papieren,1,C2
sichtbares,1,C2
aufgebunden,1,C2
continuierlich,1,C2
Lose,1,C2
saur,1,C2
hunderttausend,1,C2
allerschröcklichsten,1,C2
nachfliegend,1,C2
be,1,C2
vertrauenswürdig,1,C2
verbissen,1,C2
arbeitsam,1,C2
hochschätzbar,1,C2
eingeschnurrt,1,C2
zerzaust,1,C2
verführerisch,1,C2
Aufgestreutem,1,C2
anreizen,1,C2
heißhungrig,1,C2
einäugig,1,C2
straff,1,C2
verdienet,1,C2
neuartig,1,C2
kübelmäßig,1,C2
gescheit,1,C2
grundgütig,1,C2
begeh,1,C2
feig,1,C2
schweflicht,1,C2
zusammengekehrt,1,C2
Ander,1,C2
gemeinste,1,C2
sämtlich,1,C2
Zauberer,1,C2
gestutzen,1,C2
viereckicht,1,C2
bayrisch,1,C2
zerschnitten,1,C2
allerärgste,1,C2
abscheulichst,1,C2
zehend,1,C2
arg,1,C2
durchtrieben,1,C2
ausgestattet,1,C2
viertelstündig,1,C2
galant,1,C2
versucht,1,C2
abgefeumt,1,C2
kroatisch,1,C2
ohndas,1,C2
erregt,1,C2
tiefsinnig,1,C2
gespickt,1,C2
schnapphahnisch,1,C2
vorbenannt,1,C2
Schlimmer,1,C2
haarigs,1,C2
großmächtig,1,C2
dreißigst,1,C2
Schreiender,1,C2
geblümt,1,C2
deinesgleich,1,C2
nutzbar,1,C2
vieler,1,C2
allerelende,1,C2
wenigste,1,C2
Ältere,1,C2
betaut,1,C2
angeschossen,1,C2
eingegraben,1,C2
artlichst,1,C2
visierlichst,1,C2
dees,1,C2
genährt,1,C2
größt,1,C2
concipiert,1,C2
hiebevor,1,C2
genügen,1,C2
rheinisch,1,C2
Büdinger,1,C2
geringster,1,C2
schämet,1,C2
teueer,1,C2
beleuchtet,1,C2
voneind,1,C2
stockfinstre,1,C2
getrillt,1,C2
verfault,1,C2
Heröfer,1,C2
unversehenlich,1,C2
gefäulet,1,C2
schwarzgrau,1,C2
bestimmter,1,C2
hallend,1,C2
unwissend,1,C2
glitzerecht,1,C2
allertiefst,1,C2
entladend,1,C2
allerzartest,1,C2
wachsweich,1,C2
immerwährend,1,C2
pur,1,C2
haltlosen,1,C2
lichterloch,1,C2
gestoßen,1,C2
stumpfer,1,C2
widerlich,1,C2
angetreten,1,C2
hängend,1,C2
Herzliebster,1,C2
überfließend,1,C2
dicker,1,C2
entzündet,1,C2
überdeutlich,1,C2
kränklich,1,C2
bittr,1,C2
doppelthart,1,C2
reinerm,1,C2
Solchem,1,C2
Schlosses,1,C2
trefflichst,1,C2
zärtest,1,C2
durchsichtig,1,C2
unwesentlich,1,C2
hauptmannschaftlich,1,C2
praktischer,1,C2
obgemeldet,1,C2
umschlung,1,C2
überkommend,1,C2
veirboinigt,1,C2
su,1,C2
gruss,1,C2
veirfeussig,1,C2
subtil,1,C2
veracht,1,C2
bitterböß,1,C2
wehmütig,1,C2
barmherzig,1,C2
sonderlich,1,C2
gebogen,1,C2
ersehnt,1,C2
halblaut,1,C2
fleckig,1,C2
ausgehungert,1,C2
vorbereitet,1,C2
abgeredt,1,C2
gehabten,1,C2
vermessen,1,C2
inhalen,1,C2
wetterfarbig,1,C2
ausgehungerten,1,C2
vierjährig,1,C2
anmütig,1,C2
wertest,1,C2
begriffsstützig,1,C2
allzugroß,1,C2
umflatternd,1,C2
schlaftrunken,1,C2
hochschwang,1,C2
knochig,1,C2
wollen,1,C2
übermüdet,1,C2
obgemeldte,1,C2
anhangend,1,C2
Trefflich,1,C2
klemm,1,C2
angefroren,1,C2
unveränderlich,1,C2
abgearbeitet,1,C2
weibisch,1,C2
här,1,C2
unterschiedliche,1,C2
geflickt,1,C2
bewehrt,1,C2
fünf,1,C2
allerunnützest,1,C2
zahnlos,1,C2
kauend,1,C2
umgefallen,1,C2
mannigfach,1,C2
hingestellt,1,C2
hochgeschichtet,1,C2
ungültig,1,C2
abgefallen,1,C2
militarisch,1,C2
geschund,1,C2
abschüttet,1,C2
Ober,1,C2
irgends,1,C2
edelgeboren,1,C2
treffliche,1,C2
jag,1,C2
bewegt,1,C2
brüderlich,1,C2
hochzeitlich,1,C2
ausgerieben,1,C2
dunkelster,1,C2
jährig,1,C2
vermeldt,1,C2
vortreffliche,1,C2
untergemischt,1,C2
abgeleg,1,C2
gegenteilig,1,C2
gestohl,1,C2
Kann,1,C2
verhungeren,1,C2
sond,1,C2
frischgenomm,1,C2
versproch,1,C2
besuch,1,C2
allergeneigtest,1,C2
nichtsahnend,1,C2
halbkraus,1,C2
leibfarben,1,C2
hervorgequollen,1,C2
allerandächtig,1,C2
alchimistisch,1,C2
chimisch,1,C2
Rundumher,1,C2
Allertapferst,1,C2
überwältig,1,C2
übertrefflich,1,C2
allervortrefflichst,1,C2
einfind,1,C2
tränend,1,C2
unmutig,1,C2
forchtsam,1,C2
hintern,1,C2
abgestanden,1,C2
Vollem,1,C2
alleräußer,1,C2
kompliziert,1,C2
geht's,1,C2
habet,1,C2
euerer,1,C2
erwiesen,1,C2
gekostet,1,C2
Ähnliches,1,C2
seligmachend,1,C2
gottselig,1,C2
bereitwilligst,1,C2
Trefflicher,1,C2
freudereich,1,C2
andächtig,1,C2
lustreizend,1,C2
abschlägig,1,C2
allergrausamst,1,C2
einer,1,C2
nagelneu,1,C2
grandig,1,C2
bößen,1,C2
verhinderlich,1,C2
Seinige,1,C2
Taler,1,C2
vidimiert,1,C2
wällisch,1,C2
behüt,1,C2
gepflastert,1,C2
gebrauche,1,C2
sperrt,1,C2
erödet,1,C2
österlich,1,C2
vorsätzlich,1,C2
verreckt,1,C2
verstockt,1,C2
seeleneifrig,1,C2
sammten,1,C2
lausig,1,C2
hochgeboren,1,C2
allerarmseligster,1,C2
Neun-Eckisch,1,C2
neugeworb,1,C2
baufällig,1,C2
heillos,1,C2
Wittenweyrer,1,C2
egyptisch,1,C2
eifersüchtig,1,C2
hinunter,1,C2
überda,1,C2
unbestimmt,1,C2
allerschändlich,1,C2
tapferer,1,C2
alleradelig,1,C2
verübt,1,C2
hochheilig,1,C2
fleckensteinisch,1,C2
herumstund,1,C2
belegt,1,C2
unsauber,1,C2
schönere,1,C2
verehelicht,1,C2
kotig,1,C2
bemeldt,1,C2
lein,1,C2
reinst,1,C2
teu,1,C2
veielblauem,1,C2
mehrgemeldt,1,C2
aussah,1,C2
dörfen,1,C2
alte,1,C2
wohlproportioniert,1,C2
geendigt,1,C2
zugemacht,1,C2
kölnisch,1,C2
weimarisch,1,C2
aromatisch,1,C2
sündiget,1,C2
achtzigjährig,1,C2
meinen,1,C2
unglückselig,1,C2
grintig,1,C2
Kaufte,1,C2
dergleiche,1,C2
dergleichen,1,C2
wohlred,1,C2
unvergleichlich,1,C2
abgefäumt,1,C2
landberufen,1,C2
geborgt,1,C2
gäng,1,C2
wohlgesalzen,1,C2
darzugehörig,1,C2
ermord,1,C2
höflichster,1,C2
aufgezogen,1,C2
erfolglos,1,C2
verwegen,1,C2
friedliebend,1,C2
wohlgestalt,1,C2
mühevoll,1,C2
Höchster,1,C2
tirolisch,1,C2
inkorporierten,1,C2
neidig,1,C2
säuisch,1,C2
hochvernünftig,1,C2
unwiderleglich,1,C2
probiert,1,C2
geläutert,1,C2
unverschämen,1,C2
sprenklicht,1,C2
untertänigst,1,C2
Edler,1,C2
förchterlich,1,C2
übermacht,1,C2
schadhaft,1,C2
geduld,1,C2
wahrhaftig,1,C2
zuständig,1,C2
umschweifend,1,C2
aufgestreift,1,C2
erduld,1,C2
sächsisch,1,C2
größtem,1,C2
allerverschlagenst,1,C2
einstig,1,C2
abgeschossen,1,C2
abgelöst,1,C2
sieghaft,1,C2
hereinkäm,1,C2
Schliefe,1,C2
anzieh,1,C2
hastig,1,C2
fette,1,C2
delikat,1,C2
ausgestanden,1,C2
grünwull,1,C2
allerfäulster,1,C2
satzt,1,C2
melkend,1,C2
abgeschabt,1,C2
einzigs,1,C2
jagen,1,C2
zwenzig,1,C2
berannt,1,C2
holzböckisch,1,C2
Verständige,1,C2
umher,1,C2
verschimmelter,1,C2
lederen,1,C2
öd,1,C2
bekümmert,1,C2
redete,1,C2
spezifiziert,1,C2
Solcher,1,C2
bergisch,1,C2
vortelhaft,1,C2
trachtet,1,C2
Ohndas,1,C2
beglückn,1,C2
seinig,1,C2
bezahlen,1,C2
beisitzend,1,C2
dienstwillig,1,C2
untertänig,1,C2
bestes,1,C2
gemästet,1,C2
getraut,1,C2
verständigst,1,C2
Mann,1,C2
liebt,1,C2
wohlgeschnitzten,1,C2
kälbern,1,C2
wohlmontiert,1,C2
verwahrt,1,C2
unterstunden,1,C2
beschlossen,1,C2
kohlschwarz,1,C2
doer,1,C2
gesattelt,1,C2
ebendemselb,1,C2
angerührt,1,C2
schlagend,1,C2
Jener,1,C2
Redlicher,1,C2
umzäunt,1,C2
atlassen,1,C2
allerunsinnigst,1,C2
angeregt,1,C2
unterbrochen,1,C2
hochwohlgeboren,1,C2
Hochgräfliche,1,C2
allerdienstwilligst,1,C2
alleruntertänig,1,C2
allerschön,1,C2
zweifach,1,C2
donnert,1,C2
scharlachen,1,C2
empfehlungswerth,1,C2
ländlich,1,C2
argentisch,1,C2
grössere,1,C2
Besst,1,C2
juwelenbesetzter,1,C2
wohnt,1,C2
hellblauer,1,C2
dreissig,1,C2
metallglänzend,1,C2
aufgebaut,1,C2
gäh,1,C2
lastend,1,C2
suchen,1,C2
sechzigjährig,1,C2
abgeschüttelt,1,C2
schmählicher,1,C2
ehrenvollst,1,C2
stahlblau,1,C2
einig,1,C2
Vertheidiger,1,C2
scholastisch,1,C2
Grössere,1,C2
verrichten,1,C2
hergezählt,1,C2
habsüchtig,1,C2
geschenkt,1,C2
beeil,1,C2
freigebig,1,C2
Tigris[265,1,C2
aufgedeckt,1,C2
Namen[280,1,C2
unvermuthet,1,C2
Geregelter,1,C2
blutbefleckt,1,C2
befänd,1,C2
blutaussaugend,1,C2
Qualen[239,1,C2
Helfer,1,C2
leistend,1,C2
eingesammelt,1,C2
angenehmst,1,C2
angesprochen,1,C2
reformirend,1,C2
emporsteigend,1,C2
abgenöthigt,1,C2
Zweig,1,C2
vierthalbhundertjährig,1,C2
unterhielt,1,C2
gefährlichst,1,C2
dolchbewaffnet,1,C2
beigelegt,1,C2
gehorsam,1,C2
beobachtet,1,C2
flößt,1,C2
Adel_[252,1,C2
Erhabenheit_[258,1,C2
übermächtig,1,C2
todtgeweiht,1,C2
daranstossend,1,C2
waffentüchtig,1,C2
rachsüchtig,1,C2
Ind,1,C2
weiter,1,C2
kommt's,1,C2
ausgenommen,1,C2
niedergebrannt,1,C2
verschwenderisch,1,C2
geschaut,1,C2
aufgehäuft,1,C2
vergeblich,1,C2
Schereffeddin,1,C2
glaubwürdigst,1,C2
bess,1,C2
grossmächtig,1,C2
gottesfürchtig,1,C2
unzugänglich,1,C2
beobachtend,1,C2
König,1,C2
ausführlich,1,C2
erhebend,1,C2
kundig,1,C2
lauschend,1,C2
Könige,1,C2
gesetzt[316,1,C2
umsichtig,1,C2
vorgetragen,1,C2
irakisch,1,C2
ausscheltend,1,C2
edelsteinbesetzt,1,C2
Bischof[301,1,C2
losgelassen,1,C2
dehnen!_«[283,1,C2
kirchlich,1,C2
angelsächsisch,1,C2
rachedürstend,1,C2
blieben[289,1,C2
unheilschwanger,1,C2
hineingeschossen,1,C2
plündert,1,C2
befehlartig,1,C2
Aufwallendem,1,C2
macht,1,C2
neuaufgeschossen,1,C2
Uralte,1,C2
Führ,1,C2
gordiaisch,1,C2
berühmt[295,1,C2
befürchtend,1,C2
schmeichelnden,1,C2
angezeigt,1,C2
schmeichelhaft,1,C2
wurzelnd,1,C2
gränzend,1,C2
Adler,1,C2
Raub«[300,1,C2
oberwähnt,1,C2
unartig,1,C2
Wahrsager,1,C2
unterzeichnet,1,C2
Oberrichter[114,1,C2
vollzählig,1,C2
überschritten,1,C2
anfragend,1,C2
ausgefahren,1,C2
angekündigt,1,C2
verflochten,1,C2
Choldsch,1,C2
Eroberungen_[123,1,C2
betitelt,1,C2
hinziehend,1,C2
seldschuk,1,C2
Merkwürdiger,1,C2
Zwölfte,1,C2
geballt,1,C2
südöstlich,1,C2
ausgewandert,1,C2
Beherrscher,1,C2
erschreckt,1,C2
riesengroß,1,C2
seldschukid,1,C2
zehnzweigig,1,C2
erloschen,1,C2
nördl,1,C2
herrscht,1,C2
zahlreichst,1,C2
entgegengezog,1,C2
Achal-zich,1,C2
herrührend,1,C2
Uighurische,1,C2
mind,1,C2
Geheul.[81,1,C2
kalmukisch,1,C2
gefangener,1,C2
gewünscht,1,C2
dreissigtägig,1,C2
neunmalig,1,C2
hochbetraut,1,C2
weissschäumend,1,C2
erhing.[88,1,C2
mährisch,1,C2
schlesisch,1,C2
heidnisch,1,C2
gezogen[93,1,C2
Gewher,1,C2
ersetzt,1,C2
gehorch,1,C2
unbeschränkt,1,C2
ausgeschrieben,1,C2
zinsbar,1,C2
Franzose,1,C2
donnerbeschwörend,1,C2
hagelmachend,1,C2
wankelmüthig,1,C2
eingreifend,1,C2
Zweites,1,C2
überschwemmt,1,C2
entzweit,1,C2
gerad,1,C2
angebaut,1,C2
Fraser[180,1,C2
glasirt,1,C2
lazurblauem,1,C2
errichtet,1,C2
Gesandte[184,1,C2
gestorben,1,C2
husten,1,C2
linke,1,C2
vulkanisch,1,C2
dreihundert,1,C2
verlässlichst,1,C2
freigeisterisch,1,C2
vielumfassend,1,C2
Ankläger,1,C2
erreicht[209,1,C2
gelten[218,1,C2
mannichfarbig,1,C2
zusammengenäht,1,C2
reichbegabt,1,C2
Knabe,1,C2
heiter,1,C2
gereimt,1,C2
ober,1,C2
geschmolzn,1,C2
grassirend,1,C2
gefeiert,1,C2
beträchtlichst,1,C2
sprechend,1,C2
herabfallencd,1,C2
grösste,1,C2
stiefmütterlich,1,C2
vermuth,1,C2
bedient,1,C2
entnommen,1,C2
dschudsch,1,C2
mutig,1,C2
berühmteste,1,C2
ledern,1,C2
ebengenannt,1,C2
Breitgebauter,1,C2
schlechte,1,C2
Erging,1,C2
befohlen,1,C2
gräuelvoll,1,C2
gegentheilig,1,C2
653st,1,C2
dankbarer,1,C2
versehen,1,C2
arabisirt,1,C2
geehrt,1,C2
Mongolischen,1,C2
Loses,1,C2
geklüftet,1,C2
Syrischer,1,C2
kribbelt,1,C2
Freunde[464,1,C2
durchduftet,1,C2
vierzeilig,1,C2
anacreontisch,1,C2
lügenhaft,1,C2
improvisirt,1,C2
eingetragen,1,C2
siebzigst,1,C2
siebenten,1,C2
Lokmani_[469,1,C2
aufgeweckt,1,C2
gepriesen,1,C2
tapfere,1,C2
eingesperrt,1,C2
viermonatlich,1,C2
Berühmtest,1,C2
gegenüberstehend,1,C2
ergangen,1,C2
neugeprägt,1,C2
gefährdet,1,C2
dreimonatlich,1,C2
herkömmlich,1,C2
bezeichnet,1,C2
mittl,1,C2
lehnlos,1,C2
wohlgerüstet,1,C2
emphatisch,1,C2
schrecklichste,1,C2
begewaltigt,1,C2
Schreckliche,1,C2
verbündet,1,C2
Milchsee[437,1,C2
zurückgehalten,1,C2
gespreizt,1,C2
verhängend,1,C2
verpestet,1,C2
Besonder,1,C2
vorgeschützt,1,C2
biblisch,1,C2
eingeschlossen,1,C2
behauen,1,C2
Rustem's[451,1,C2
hochbegünstigt,1,C2
Persische,1,C2
neupersisch,1,C2
bedeutendem,1,C2
wetteiferen,1,C2
aufblüht,1,C2
seichter,1,C2
dreizehnjährieg,1,C2
belebt,1,C2
zerstören,1,C2
fünfen,1,C2
neugegründet,1,C2
Emineddin,1,C2
auftretend,1,C2
Ssafijeddin,1,C2
zusammenwirkend,1,C2
zerstreuter,1,C2
vielfach,1,C2
Nedschmeddin,1,C2
bezahlend[524,1,C2
Kökdsche,1,C2
hochgeschätzen,1,C2
süss,1,C2
unternehmend,1,C2
tiefeingeschnitten,1,C2
würdiger,1,C2
lieblos,1,C2
trübselig,1,C2
haben,1,C2
lazurner,1,C2
beglückt,1,C2
Höchstdero,1,C2
gerechtest,1,C2
geehrtest,1,C2
einzulad,1,C2
lasterhaft,1,C2
Ausschweife,1,C2
letztenmal,1,C2
ethnographisch,1,C2
ethographisch,1,C2
ghursch,1,C2
giftgeschwollen,1,C2
weggenommen,1,C2
dreimalig,1,C2
verdienstlich,1,C2
zurückgelassen,1,C2
polemisch,1,C2
entschuldigt,1,C2
Welterobernden,1,C2
dreizehnjährig,1,C2
aneigneen,1,C2
tragbar,1,C2
karachitaisch,1,C2
hochbegabt,1,C2
königreich,1,C2
einverleibt,1,C2
Mengu,1,C2
achttägig,1,C2
gewechselt,1,C2
erwünschter,1,C2
freimüthig,1,C2
bengalisch,1,C2
befände,1,C2
Dschebat's,1,C2
Begtimur,1,C2
ogotaisch,1,C2
zurückgeblieben,1,C2
eilen,1,C2
aufgegriffen,1,C2
eingelernt,1,C2
schlachtlustig,1,C2
zweitgeborn,1,C2
einstimmig,1,C2
auserlesen,1,C2
eurer,1,C2
betretenst,1,C2
Phallisch,1,C2
verkündend,1,C2
October[349,1,C2
verschont,1,C2
vogter,1,C2
Kreuzfahrer,1,C2
saftigst,1,C2
zugesichert,1,C2
erschlagen,1,C2
vergiftet,1,C2
toddrohend,1,C2
erwähnen[373,1,C2
Hossnkeif,1,C2
kriegerischen,1,C2
störrigen,1,C2
verschiedenartigst,1,C2
steilst,1,C2
heruntergestiegen,1,C2
schismatisch,1,C2
senkrecht,1,C2
zahlreichster,1,C2
lobenswerth,1,C2
nächstgelegen,1,C2
fruchtlos,1,C2
componiren,1,C2
lügnerisch,1,C2
inn,1,C2
überwältigend,1,C2
fehlt,1,C2
ruhmwürdig,1,C2
andringend,1,C2
emporgestiegen,1,C2
versammelnd,1,C2
gedrillt,1,C2
Melikol-eschref,1,C2
schloss,1,C2
erobernd,1,C2
gegraben,1,C2
niederströmend,1,C2
auszuhau,1,C2
edenisch,1,C2
esoterisch,1,C2
lakonisch,1,C2
verachtend,1,C2
geschwellt,1,C2
fünfzigst,1,C2
nicht,1,C2
vorauseilend,1,C2
leiberzertheilend,1,C2
losgelass,1,C2
Leset,1,C2
Ssad_[341,1,C2
Meer,1,C2
neunzigjährige[382,1,C2
eilend,1,C2
nachmaliger,1,C2
abgenommen[383,1,C2
leutselig,1,C2
hereinbrechend,1,C2
fruchtend,1,C2
vorlaut,1,C2
asisisch,1,C2
schmählich,1,C2
zurückkehrend,1,C2
rächend,1,C2
geschleift,1,C2
unbedeutsam,1,C2
vorgegeben,1,C2
anerkannen,1,C2
ausgehend,1,C2
dritthalbhundert,1,C2
gereift,1,C2
nachdruckvollst,1,C2
aufflammend,1,C2
streitig,1,C2
nördlichst,1,C2
neubekehrter,1,C2
Folgend,1,C2
Mongolischer,1,C2
bekehrt,1,C2
gelobt,1,C2
schleppten,1,C2
hartnäckigst,1,C2
sumpfig,1,C2
fortrollend,1,C2
misshandelt,1,C2
weichlich,1,C2
feuerbeschwingen,1,C2
wack,1,C2
Hemd_[386,1,C2
Oberkleider[387,1,C2
kimerisch,1,C2
kurdisch,1,C2
Sultan,1,C2
ertränkt[398,1,C2
vorletzter,1,C2
zugestanden,1,C2
schleudert,1,C2
einbrechend,1,C2
erscheinen,1,C2
entblösst,1,C2
volkreichst,1,C2
Mamlukischen,1,C2
entzweigehauen,1,C2
send,1,C2
Wüthiger,1,C2
Nassireddin,1,C2
kimrisch,1,C2
cimerisch,1,C2
mamlukisch,1,C2
gestampft,1,C2
polnisch,1,C2
obenerwähnt,1,C2
Tag!+,1,C2
geschmückt,1,C2
blendweiß,1,C2
glanzumflossen,1,C2
kühlend,1,C2
blaulich,1,C2
jenseitig,1,C2
gebändigt,1,C2
verweil,1,C2
verlebt,1,C2
siegestrunken,1,C2
stolzer,1,C2
großherzig,1,C2
~suaviter,1,C2
stachelnd,1,C2
bewunderungswürdig,1,C2
hülfreich,1,C2
guter+,1,C2
vorbeisauste,1,C2
vorwurfsvoll,1,C2
erstarrend,1,C2
zernichtet,1,C2
nagend,1,C2
eisigkalt,1,C2
lechzend,1,C2
Vortrefflicher,1,C2
umliegend,1,C2
~saison~,1,C2
polizeilich,1,C2
besuchte,1,C2
blassen,1,C2
hervorgestoßen,1,C2
plump,1,C2
trivial,1,C2
heilend,1,C2
erkundig,1,C2
triumphirend,1,C2
Würdiger,1,C2
erkiesend,1,C2
empfänglich,1,C2
Seligmachende,1,C2
Doppelter,1,C2
metapysisch,1,C2
absichtslos,1,C2
beglückter,1,C2
rosig,1,C2
huldvoll,1,C2
einzigst,1,C2
bedächtig,1,C2
witzig,1,C2
~Aere,1,C2
unbegrenzt,1,C2
behend,1,C2
schmachtend,1,C2
ausgezeichnetst,1,C2
lernäisch,1,C2
allerklein,1,C2
neust,1,C2
monarchisch,1,C2
berathend,1,C2
hass,1,C2
glorreich,1,C2
dreifarbig,1,C2
Hummer,1,C2
delicat,1,C2
bekränzt,1,C2
hartherzig,1,C2
seemännisch,1,C2
pecuniär,1,C2
rührend,1,C2
unvortheilhaft,1,C2
jammervollster,1,C2
äußern,1,C2
bedeutender,1,C2
primitiv,1,C2
richtigsten,1,C2
tödtend,1,C2
beweiset,1,C2
Provençalische,1,C2
ergreifend,1,C2
unedl,1,C2
hingebracht,1,C2
trauriger,1,C2
schöneer,1,C2
zweckmäßigst,1,C2
Platonisch,1,C2
engzugeknöpft,1,C2
rechtmäßig,1,C2
echtchristlich,1,C2
apostolisch,1,C2
Bartholomäus,1,C2
christlich-lutherisch,1,C2
andersglaubend,1,C2
Finger,1,C2
sterbend,1,C2
undenklich,1,C2
Geist+,1,C2
intolerant,1,C2
verbessert,1,C2
mosaisch,1,C2
mächtigern,1,C2
mohamedanisch,1,C2
Juden+,1,C2
säen,1,C2
jammervoll,1,C2
getauft,1,C2
gleichbleibend,1,C2
anmaßend,1,C2
Kieler,1,C2
neunzehnt,1,C2
vi,1,C2
republikanisch,1,C2
carlistisch,1,C2
schnarrend,1,C2
zischend,1,C2
reichend,1,C2
tugendhafte,1,C2
verworfenst,1,C2
gestirnt,1,C2
basirtn,1,C2
Physiologische,1,C2
diabolisch,1,C2
Legitimistische,1,C2
geschmackvoll,1,C2
einnehmendst,1,C2
Strobersch,1,C2
ergötzlich,1,C2
anstrengend,1,C2
stechend,1,C2
dunkelgrau,1,C2
angenehme,1,C2
unerklärlichst,1,C2
Saugen?+,1,C2
luftleer,1,C2
trüeb,1,C2
abgestoßen,1,C2
convulsivisch,1,C2
vergesellschaften,1,C2
Gähnen?+,1,C2
willkührlich,1,C2
erborgt,1,C2
baroqu,1,C2
unschuldigste,1,C2
gütig-teuflisch,1,C2
unterdrückt,1,C2
verbrecherisch,1,C2
unscheinbar,1,C2
gewachsen,1,C2
angebrochen,1,C2
angrenzend,1,C2
schmelzend,1,C2
unverkennbar,1,C2
seelenvoll,1,C2
bewußtlos,1,C2
Holländischer,1,C2
unüberlegt,1,C2
legitimistisch,1,C2
größ,1,C2
reizend,1,C2
theilen,1,C2
sonderbares,1,C2
hochherzigen,1,C2
vorhergenossen,1,C2
tugendhaften,1,C2
starr,1,C2
besuchtest,1,C2
hellerleuchtet,1,C2
gehüllt,1,C2
wachthabend,1,C2
unsicher,1,C2
capital,1,C2
illustriert,1,C2
gemordet,1,C2
harmonisch,1,C2
civilisirt,1,C2
beklagenswerthe,1,C2
altergrau,1,C2
liebste,1,C2
unersättlichst,1,C2
ehrenvest,1,C2
leichtfüßig,1,C2
unsichern,1,C2
handelnd,1,C2
allerkleinst,1,C2
bogenförmig,1,C2
freier,1,C2
volkreich,1,C2
blankgeputzt,1,C2
gutbereitet,1,C2
Glänzendem,1,C2
stumpf,1,C2
Schächtelch,1,C2
jedesmalig,1,C2
widrig,1,C2
besprützt,1,C2
Gesammelte,1,C2
Disse,1,C2
verdeene,1,C2
zuvorkommend,1,C2
aufwartend,1,C2
Branntweinbrenner,1,C2
höflich,1,C2
geopferter,1,C2
ersinnlich,1,C2
Goethische,1,C2
Erbsünd,1,C2
erbsünd,1,C2
lutherisch-evangelischer,1,C2
schönst,1,C2
liederlich,1,C2
ichsüchtig,1,C2
tausendjährig,1,C2
keinesweg,1,C2
auseinandergepackt,1,C2
neuerrichteten,1,C2
athmet,1,C2
vergnügen,1,C2
anerkennend,1,C2
wogend,1,C2
Brannteweinbrenner,1,C2
Herzogthümer,1,C2
aussehend,1,C2
ungebunden,1,C2
geteilt,1,C2
dänischer,1,C2
wildfremd,1,C2
nett,1,C2
niebezwungen,1,C2
frugal,1,C2
mysteriös,1,C2
flott,1,C2
licht,1,C2
reitend,1,C2
begeistert,1,C2
Gewogenste,1,C2
adelt,1,C2
italienisch,1,C2
betraut,1,C2
lichtempfangen,1,C2
abstammend,1,C2
rothbräunlicht,1,C2
nächstverwandten,1,C2
unternommen,1,C2
erdichtet,1,C2
Ofensitzer,1,C2
alttürkisch,1,C2
durchlaufen,1,C2
ominos,1,C2
gefang,1,C2
eingebracht,1,C2
zärtlichst,1,C2
siebzigstes,1,C2
keraitisch,1,C2
Verschmähte,1,C2
verbreitet,1,C2
verbogen,1,C2
burt,1,C2
überzogen,1,C2
werkthätigst,1,C2
Miser,1,C2
zurückbehalten,1,C2
erbittert,1,C2
verabredet,1,C2
übriger,1,C2
erbeten,1,C2
taidschutisch,1,C2
zehngetheilt,1,C2
widerspenstig,1,C2
gerathen,1,C2
unverhofft,1,C2
dö,1,C2
Schlief,1,C2
verbinden,1,C2
mythologisch,1,C2
Nichten[15,1,C2
strahlendst,1,C2
schwächst,1,C2
sinesisch,1,C2
tübetanisch,1,C2
schriftgelehrt,1,C2
umschlossen,1,C2
gepfropft,1,C2
mündend,1,C2
letzt,1,C2
ausgegossen,1,C2
Letzt,1,C2
Schingku,1,C2
grossmüthig,1,C2
athletisch,1,C2
wildbewegter,1,C2
kutadisch,1,C2
abergläubisch,1,C2
überwiesen,1,C2
pissen,1,C2
blinde,1,C2
zusammengebunden,1,C2
belagert,1,C2
büsste,1,C2
staatseinrichtung,1,C2
einköpfig,1,C2
einschweifig,1,C2
bekleidet,1,C2
oberst,1,C2
erneute,1,C2
begründet,1,C2
Berla's.[75,1,C2
trotzig,1,C2
kocht,1,C2
schieef,1,C2
olivenfarben,1,C2
spärlich,1,C2
gewandte,1,C2
scheusslich,1,C2
dreieckig,1,C2
verbrämt,1,C2
ellenhoh,1,C2
Häufige,1,C2
durchstäupt,1,C2
auszeichnen,1,C2
bevölkertst,1,C2
bewiesen,1,C2
unverbrüchlich,1,C2
holt,1,C2
versöhnt,1,C2
anmassend,1,C2
reichsgefährlich,1,C2
erbittertster,1,C2
Schurkan[44,1,C2
fünffach,1,C2
vorbedeutend,1,C2
bestanden,1,C2
schlammicht,1,C2
angenommen,1,C2
Fürchte,1,C2
frühst,1,C2
gottbegeistert,1,C2
viergipflig,1,C2
fernhinschmetternd,1,C2
großartigst,1,C2
engverbündet,1,C2
unbezwungen,1,C2
verlorn,1,C2
Chinesische,1,C2
goldene,1,C2
wandt,1,C2
bewachsen,1,C2
blitzend,1,C2
überspringend,1,C2
prüfend,1,C2
alterthumforschend,1,C2
~homm,1,C2
Königliche,1,C2
eingefleischt,1,C2
Französisch,1,C2
verwachsen,1,C2
blendend,1,C2
30jährig,1,C2
leises,1,C2
heiser,1,C2
furchtbarst,1,C2
rasendsten,1,C2
unentweiht,1,C2
angeborne,1,C2
lachen,1,C2
entblößt,1,C2
forschend,1,C2
unangenehm,1,C2
denken,1,C2
schlafen,1,C2
Unglücklicher,1,C2
glühendst,1,C2
mondhell,1,C2
wüthend,1,C2
verwundert,1,C2
aristokratisch,1,C2
hineingeh,1,C2
unterjocht,1,C2
grüssen,1,C2
provençalisch,1,C2
blinkend,1,C2
stürmisch,1,C2
zufällig,1,C2
bejahend,1,C2
folgender,1,C2
maurisch,1,C2
zerrüttet,1,C2
ängstigend,1,C2
brünstig,1,C2
tröstend,1,C2
lebenbringend,1,C2
allmächtigen,1,C2
tödtlich,1,C2
Gut,1,C2
rotbäckig,1,C2
fletschend,1,C2
bräunlich,1,C2
errichtend,1,C2
bestellen,1,C2
chéval,1,C2
vielvermögend,1,C2
gräßlichst,1,C2
mittheil,1,C2
Regenten,1,C2
kraftvoll,1,C2
schwärzest,1,C2
fatal,1,C2
bedauern,1,C2
schrill,1,C2
herunterhängend,1,C2
Wichtigerer,1,C2
verhungert,1,C2
dschagatai'sch,1,C2
schluck,1,C2
mittelasiatisch,1,C2
zerrissen,1,C2
~ihre~,1,C2
überstreng,1,C2
entfesselt,1,C2
bereift,1,C2
reg,1,C2
hochaufschäumend,1,C2
Landes_-,1,C2
stapft,1,C2
untergegangen,1,C2
verrostet,1,C2
kipdschakisch,1,C2
unrühmlich,1,C2
mithandelnd,1,C2
knirschend,1,C2
verlässlich,1,C2
scheu,1,C2
unterjochend,1,C2
Petersburger,1,C2
verkrüppelt,1,C2
erhaltend,1,C2
spöttelnd,1,C2
übelgeworden,1,C2
todtenähnlich,1,C2
homm,1,C2
Pers,1,C2
schnaubend,1,C2
geschwungen,1,C2
angehören,1,C2
unwillkührlich,1,C2
patriotisch,1,C2
Gewissenhafter,1,C2
stätig,1,C2
Rechtschaffn,1,C2
Allergnädigster,1,C2
unmäßig,1,C2
brillantest,1,C2
lasterhafen,1,C2
einsehen,1,C2
blutenden,1,C2
unrichtig,1,C2
vertausch,1,C2
überführend,1,C2
aimabel,1,C2
solid,1,C2
glotzt,1,C2
unverändert,1,C2
